anio,costo_mb,costo_genoma
2001.744695,5292.392885,95263071.922754
2002.243669,3898.635412,70175437.415748
2002.744695,3413.801195,61448421.502538
2003.243669,2986.204671,53751684.07738
2003.829569,2230.975235,40157554.230323
2004.082136,1598.909789,28780376.206324
2004.328542,1135.698674,20442576.140846
2004.580424,1107.463652,19934345.735188
2004.832307,1028.850676,18519312.163626
2005.082136,974.164976,17534969.561815
2005.325804,897.76108,16159699.438085
2005.577687,898.901339,16180224.104399
2005.829569,766.729122,13801124.193907
2006.082136,699.203272,12585658.901177
2006.325804,651.807473,11732534.520224
2006.577687,636.406401,11455315.221123
2006.829569,581.919798,10474556.361048
2007.082136,522.707717,9408738.909724
2007.325804,502.611276,9047002.969121
2007.577687,495.963452,8927342.142802
2007.829569,397.087299,7147571.388483
2008.082136,102.127333,3063819.989307
2008.328542,15.033136,1352982.228968
2008.580424,8.356443,752079.90221
2008.832307,3.805578,342502.060218
2009.082136,2.585949,232735.437743
2009.325804,1.71904,154713.599072
2009.577687,1.200724,108065.139438
2009.829569,0.781481,70333.334424
2010.082136,0.519714,46774.272829
2010.325804,0.350134,31512.039543
2010.577687,0.345833,31124.960738
2010.829569,0.323241,29091.733745
2011.082136,0.23292,20962.782251
2011.325804,0.185689,16712.013112
2011.577687,0.116633,10496.933979
2011.826831,0.086038,7743.438105
2012.082136,0.08518,7666.219038
2012.328542,0.06557,5901.292635
2012.580424,0.066497,5984.721339
2012.832307,0.073537,6618.349279
2013.082136,0.063015,5671.346078
2013.325804,0.063641,5550.26484
2013.577687,0.06167,5550.26484
2013.829569,0.056623,5096.077026
2014.082136,0.044535,4008.106999
2014.325804,0.054672,4920.496839
2014.577687,0.054498,4904.847168
2014.829569,0.063677,5730.890525
2015.082136,0.044109,3969.837782
2015.325804,0.046787,4210.787308
2015.577687,0.015147,1363.240213
2015.829569,0.013837,1245.308818
2016.413415,0.013064,1175.744178
2016.665298,0.016753,1507.769589
2016.914442,0.015064,1355.790268
2017.158795,0.011282,1015.384472
2017.410678,0.014816,1333.399677
2017.66256,0.0126,1133.958868
2017.911704,0.02049,1844.07748
2018.158795,0.013692,1232.275243
2018.410678,0.016257,1463.132308
2018.66256,0.016303,1467.281757
2018.911704,0.015463,1391.68263
2019.158795,0.011035,993.135868
2019.328542,0.006737,606.31657
2019.580424,0.010468,942.146519
2019.911704,0.007726,695.374498
2020.158795,0.007162,644.616384
2020.413415,0.007795,701.562074
2020.665298,0.007651,688.565622
2020.914442,0.005689,511.968782
2021.158795,0.009454,850.841261
2021.410678,0.005045,454.046152
2021.66256,0.006246,562.175365
2021.911704,0.006136,552.196623
2022.158795,0.005829,524.624684
2022.410678,0.005829,524.624684
