run	assigned_gene_reduced	true_gene_full	fragments
SRR1039509	ACTB	ACTG1	342.87
SRR1039508	ACTB	ACTG1	302.0
SRR1039509	RSF1	RPS20	64.48
SRR1039508	UBC	UBA52	63.5
SRR1039508	RSF1	RPS20	54.8
SRR1039509	UBC	UBA52	54.0
SRR1039509	TPM2	TPM4	45.67
SRR1039508	MYH11	MYH9	40.0
SRR1039509	MYH11	MYH9	40.0
SRR1039509	UBC	UBB	32.0
SRR1039508	TPM2	TPM4	30.83
SRR1039508	UBC	UBB	30.0
SRR1039508	CRISPLD2	IFITM3	25.33
SRR1039509	CRISPLD2	IFITM3	18.5
SRR1039509	SAFB2	TPM4	15.75
SRR1039509	MT2A	MT1E	13.0
SRR1039509	RP11-231C18.3	PDGFRA	13.0
SRR1039509	CRISPLD2	IFITM2	12.0
SRR1039509	ALDH6A1	STOM	11.08
SRR1039508	RP11-231C18.3	PDGFRA	11.0
SRR1039509	COL6A3	TPM4	10.0
SRR1039508	RP11-1212A22.4	PKD1	9.46
SRR1039509	TRPV1	PTRF	9.33
SRR1039509	HSPA2	STOM	8.25
SRR1039509	BMPR1A	TPM4	8.0
SRR1039508	ALDH6A1	CRTAP	7.83
SRR1039509	RP11-1212A22.4	NPIPA1	7.27
SRR1039508	B2M	EHD2	7.0
SRR1039508	CCDC80	NORAD	7.0
SRR1039508	RP11-1212A22.4	NPIPA1	6.88
SRR1039508	CD46	CRTAP	6.5
SRR1039508	MYH11	SEPT11	6.5
SRR1039509	CD46	CRTAP	6.5
SRR1039509	MYH11	SEPT11	6.5
SRR1039509	RSF1	RPS20P14	6.48
SRR1039509	RSF1	PTRF	6.33
SRR1039508	FLNA	FLNC	6.0
SRR1039509	SAFB2	SOD2	6.0
SRR1039509	RP11-1212A22.4	PKD1	5.86
SRR1039508	ALDH6A1	SCARB2	5.83
SRR1039508	RSF1	RPS20P14	5.83
SRR1039508	COL6A3	TPM4	5.5
SRR1039509	TPM2	GS1-44D20.1	5.17
SRR1039509	FLNA	FLNC	5.0
SRR1039509	DHRSX	STAT2	5.0
SRR1039508	RP11-231C18.3	FIP1L1	5.0
SRR1039508	ALDH6A1	STOM	5.0
SRR1039508	RSF1	PTRF	4.83
SRR1039508	RP11-1212A22.4	NPIPP1	4.81
SRR1039508	SLC29A4	CTSB	4.68
SRR1039509	CRISPLD2	IFITM1	4.5
SRR1039509	CNN1	SPCS3	4.5
SRR1039509	MT2A	MT1X	4.5
SRR1039509	CD46	PTRF	4.5
SRR1039508	BMPR1A	TPM4	4.42
SRR1039508	STEAP2	F2R	4.38
SRR1039509	METTL7A	STOM	4.35
SRR1039509	RP11-1212A22.4	NPIPB4	4.05
SRR1039509	ALDH6A1	CRTAP	4.0
SRR1039508	ALDH6A1	MYO1C	4.0
SRR1039508	DCAF17	AKAP12	4.0
SRR1039508	SAFB2	SAFB	4.0
SRR1039509	FTH1	FTH1P8	4.0
SRR1039509	CCDC80	PCYOX1	4.0
SRR1039509	COL6A3	SELENON	4.0
SRR1039509	ALDH6A1	SOD2	4.0
SRR1039509	TBP	ATN1	4.0
SRR1039509	EEF1A1	EEF1A1P9	4.0
SRR1039509	SLC29A4	CTSB	3.99
SRR1039509	RP11-1212A22.4	PKD1P6-NPIPP1	3.86
SRR1039508	TPM2	GS1-44D20.1	3.83
SRR1039508	ABI2	RDH10	3.62
SRR1039508	SAFB2	GNS	3.58
SRR1039509	RP11-1212A22.4	NPIPB12	3.55
SRR1039509	RP11-1212A22.4	NPIPB3	3.55
SRR1039509	ALDH6A1	SMIM14	3.53
SRR1039509	DIEXF	SOD2	3.5
SRR1039508	HSPA2	STOM	3.5
SRR1039509	ALDH6A1	SCARB2	3.5
SRR1039509	TAPBP	HLA-E	3.5
SRR1039509	RP11-1212A22.4	NPIPA5	3.5
SRR1039509	CCDC69	IL1R1	3.5
SRR1039509	B2M	EHD2	3.5
SRR1039508	LCMT2	ATP8B2	3.5
SRR1039508	SAFB2	TPM4	3.42
SRR1039509	ABI2	ARHGAP1	3.41
SRR1039509	ALDH6A1	NUDT4	3.4
SRR1039508	RP11-1212A22.4	RP11-958N24.1	3.38
SRR1039509	RP11-1212A22.4	PKD1P6	3.36
SRR1039509	BMPR1A	STOM	3.35
SRR1039509	ALDH6A1	FBLIM1	3.35
SRR1039508	CRISPLD2	IFITM2	3.33
SRR1039509	ALDH6A1	RNF24	3.33
SRR1039509	RP11-1212A22.4	NPIPB5	3.3
SRR1039509	SAFB2	AC098614.2	3.25
SRR1039508	DIEXF	GNS	3.25
SRR1039509	SLC29A4	SELENON	3.25
SRR1039509	ZZZ3	FKBP9	3.22
SRR1039509	STEAP2	F2R	3.17
SRR1039508	TPM1	FAM114A1	3.11
SRR1039508	CCDC80	PCYOX1	3.08
SRR1039509	COL6A3	PCYOX1	3.08
SRR1039508	SLC29A4	FGD5-AS1	3.0
SRR1039508	HSPA2	TNFRSF10B	3.0
SRR1039509	CCAR2	RP11-582J16.5	3.0
SRR1039508	BRIX1	ZNF106	3.0
SRR1039508	MGLL	ECE1	3.0
SRR1039508	TNFRSF11B	SLC35E2B	3.0
SRR1039509	TRPV1	CRTAP	3.0
SRR1039508	CENPO	ADCY3	3.0
SRR1039508	EEF1A1	EEF1A1P4	3.0
SRR1039509	RP11-231C18.3	FIP1L1	3.0
SRR1039509	TPM1	HLA-E	3.0
SRR1039508	MT2A	MT1E	3.0
SRR1039508	CD46	PTRF	3.0
SRR1039508	BMPR1A	TMED10	3.0
SRR1039509	PUS7L	DSCR3	3.0
SRR1039509	DCAF17	AKAP12	3.0
SRR1039509	MBNL1	MBNL1-AS1	3.0
SRR1039508	HSPA2	HSPA1A	3.0
SRR1039509	HSPA2	HSPA1A	3.0
SRR1039509	FN1	RHOBTB3	3.0
SRR1039509	RP11-1212A22.4	NPIPP1	3.0
SRR1039509	NFKB2	WWTR1	3.0
SRR1039509	CENPO	ADCY3	3.0
SRR1039509	MID1IP1	SERINC3	3.0
SRR1039509	EIF3I	GALNT15	3.0
SRR1039509	HSPA2	HSPA1B	3.0
SRR1039509	RP11-1212A22.4	NPIPB13	2.99
SRR1039508	RSF1	AC079922.2	2.97
SRR1039508	TRPV1	PTRF	2.83
SRR1039509	RP11-1212A22.4	RP11-958N24.1	2.83
SRR1039509	TAPBP	STAT3	2.8
SRR1039509	CCDC80	NORAD	2.64
SRR1039508	ALDH6A1	RPL7L1	2.58
SRR1039509	ALDH6A1	RPL7L1	2.54
SRR1039509	ALDH6A1	HP1BP3	2.51
SRR1039508	FKBP5	SEPT11	2.5
SRR1039508	DIEXF	IL1R1	2.5
SRR1039508	PUS7L	DSCR3	2.5
SRR1039509	PPIA	ZNF106	2.5
SRR1039508	MID1IP1	LLGL1	2.5
SRR1039508	METTL7A	STOM	2.5
SRR1039508	STEAP2	PHLDA1	2.5
SRR1039509	SYNPO2	TMED10	2.5
SRR1039508	TAPBP	HLA-E	2.5
SRR1039508	APCDD1	PINK1-AS	2.5
SRR1039508	C7	DEGS1	2.5
SRR1039508	APCDD1	DDOST	2.5
SRR1039509	SYNPO2	CCBE1	2.5
SRR1039509	TBCCD1	PTGIS	2.5
SRR1039509	RP11-1212A22.4	AC138969.4	2.41
SRR1039509	RSF1	FAM114A1	2.4
SRR1039509	METTL7A	MXRA7	2.4
SRR1039509	MID1IP1	CNN2	2.38
SRR1039508	SAFB2	CTSB	2.37
SRR1039509	TRPV1	SMIM14	2.37
SRR1039508	ALDH6A1	STAT2	2.35
SRR1039508	MGLL	LRRN4CL	2.33
SRR1039508	BMPR1A	CRTAP	2.33
SRR1039509	BMPR1A	AKIP1	2.33
SRR1039509	ALDH6A1	USP22	2.29
SRR1039508	SEC23A	NORAD	2.29
SRR1039509	BRIX1	TPM4	2.25
SRR1039508	MOB1A	TMED4	2.25
SRR1039508	RSF1	FAM114A1	2.2
SRR1039509	ALDH6A1	OSMR	2.18
SRR1039508	ADAMTS1	RHOBTB3	2.17
SRR1039508	RP11-1212A22.4	NPIPA3	2.17
SRR1039509	RP11-1212A22.4	NPIPB11	2.14
SRR1039509	TPM1	STAT3	2.12
SRR1039508	SLC29A4	IL10RB	2.11
SRR1039509	MID1IP1	EHD2	2.08
SRR1039509	DHRSX	STX16	2.08
SRR1039508	ALDH6A1	SMIM14	2.08
SRR1039509	APCDD1	RAB21	2.08
SRR1039508	PPIA	RDH10	2.08
SRR1039509	C2orf49	LARS	2.08
SRR1039509	C2orf49	FNBP1	2.06
SRR1039508	CRISPLD2	DEGS1	2.03
SRR1039508	BRIX1	AKAP12	2.02
SRR1039509	MGLL	KIF1B	2.01
SRR1039509	ALDH6A1	SGCB	2.01
SRR1039508	RP11-1212A22.4	NPIPB5	2.01
SRR1039508	DHRSX	ARSB	2.01
SRR1039509	RPLP0	UHRF1BP1	2.0
SRR1039509	CENPO	PTRHD1	2.0
SRR1039509	MYH11	CCBE1	2.0
SRR1039509	DZIP1	AC110926.4	2.0
SRR1039509	SLC29A4	HEATR5A	2.0
SRR1039508	PANK2	RNF24	2.0
SRR1039509	C5orf63	BCYRN1	2.0
SRR1039508	FN1	PTGIS	2.0
SRR1039509	EEF1A1	RP11-69M1.6	2.0
SRR1039509	HSPA2	MYADM	2.0
SRR1039509	ABI2	RDH10	2.0
SRR1039508	TAPBP	TNFRSF1B	2.0
SRR1039509	FN1	VKORC1L1	2.0
SRR1039508	HSPA2	TRAPPC2	2.0
SRR1039508	FN1	RHOBTB3	2.0
SRR1039509	ALDH6A1	CNNM2	2.0
SRR1039508	BMPR1A	PTGIS	2.0
SRR1039509	CLINT1	SERINC1	2.0
SRR1039508	CASP1	CARD16	2.0
SRR1039509	ABI2	CLMP	2.0
SRR1039508	CRISPLD2	MEG3	2.0
SRR1039509	EEF1A1	EEF1A1P5	2.0
SRR1039508	MOB1A	ARCN1	2.0
SRR1039509	ACTB	ACTG2	2.0
SRR1039509	BMPR1A	LDLR	2.0
SRR1039509	CASP1	CARD16	2.0
SRR1039509	ZZZ3	PDPN	2.0
SRR1039509	PANK2	RNF24	2.0
SRR1039508	ALDH6A1	USP22	2.0
SRR1039508	MOB1A	MDM2	2.0
SRR1039509	ACTA2	C4orf36	2.0
SRR1039509	HSPA2	CARD6	2.0
SRR1039509	CD46	RBM3	2.0
SRR1039509	ALDH6A1	NT5C2	2.0
SRR1039509	MYH11	NDE1	2.0
SRR1039508	SYNPO2	RAB22A	2.0
SRR1039509	APCDD1	PCYOX1	2.0
SRR1039509	HSPA2	TNFRSF10B	2.0
SRR1039508	MYH11	BACE2	2.0
SRR1039508	CD82	CRK	2.0
SRR1039508	MYH11	MYH10	2.0
SRR1039508	TBCCD1	SFXN1	2.0
SRR1039509	SYNPO2	WSB1	2.0
SRR1039509	SVEP1	GNS	2.0
SRR1039508	SAMHD1	WIPF2	2.0
SRR1039509	SEC23A	RHOBTB3	2.0
SRR1039509	COQ7	PEX13	2.0
SRR1039509	GRK4	UGDH	2.0
SRR1039508	ASH2L	TOX4	2.0
SRR1039509	DIEXF	ATL3	2.0
SRR1039509	APCDD1	EVI5	2.0
SRR1039509	SEC23A	SPCS3	2.0
SRR1039509	METTL7A	RSL1D1	2.0
SRR1039509	RPLP0	RP11-824M15.3	2.0
SRR1039509	TBP	NEDD4L	2.0
SRR1039508	HDAC6	IL13RA1	2.0
SRR1039508	SYNPO2	C9orf78	2.0
SRR1039509	MGLL	ECE1	2.0
SRR1039509	MFSD9	PRELP	2.0
SRR1039509	MGLL	RPL37	2.0
SRR1039508	SAMHD1	PTRF	2.0
SRR1039508	PPIA	PHAX	2.0
SRR1039508	CRISPLD2	TMEM119	2.0
SRR1039508	FLNB	FLNC	2.0
SRR1039509	ALDH6A1	ATP6V1A	2.0
SRR1039509	METTL7A	DPP8	2.0
SRR1039509	ASH2L	SELENON	2.0
SRR1039508	SYNPO2	LRRN4CL	2.0
SRR1039509	IPO8	SERINC1	2.0
SRR1039509	CCDC80	SFXN3	2.0
SRR1039508	TAPBP	F2RL2	2.0
SRR1039508	FKBP5	H2AFV	2.0
SRR1039508	MOB1A	S1PR2	2.0
SRR1039508	MFSD9	PRELP	2.0
SRR1039508	TAGLN	PCSK7	2.0
SRR1039509	LHFPL2	ELN	2.0
SRR1039508	ADAMTS1	GNPTAB	2.0
SRR1039508	CD82	IFIT3	2.0
SRR1039508	DHRSX	STAT2	2.0
SRR1039508	TRPV1	CRTAP	2.0
SRR1039508	RP11-1212A22.4	NPIPA5	2.0
SRR1039508	SEC23A	UFM1	2.0
SRR1039508	EIF3I	GALNT15	2.0
SRR1039508	DZIP1	PRKCSH	2.0
SRR1039508	BRIX1	PTGIS	2.0
SRR1039508	CRISPLD2	RP11-416L21.2	2.0
SRR1039508	HSPA2	HSPA1B	2.0
SRR1039508	MOB1A	UACA	2.0
SRR1039508	CCDC80	ASB16-AS1	2.0
SRR1039509	ZBTB16	EHD2	2.0
SRR1039509	SEC23A	NORAD	1.98
SRR1039509	TRPV1	CNN2	1.92
SRR1039508	RP11-1212A22.4	RP11-958N24.2	1.88
SRR1039509	RP11-1212A22.4	NPIPA3	1.83
SRR1039508	BMPR1A	FKBP9	1.83
SRR1039509	SLC12A8	KDSR	1.83
SRR1039509	SLC29A4	STOM	1.83
SRR1039508	BMPR1A	ARCN1	1.83
SRR1039509	FN1	OSMR	1.83
SRR1039508	TAPBP	PTGIS	1.83
SRR1039509	CNN1	FBLIM1	1.83
SRR1039509	ALDH6A1	SPAST	1.82
SRR1039508	ZBTB16	ARHGAP1	1.79
SRR1039508	RP11-1212A22.4	NPIPB3	1.76
SRR1039508	RP11-1212A22.4	NPIPB4	1.76
SRR1039508	TBCCD1	PTGIS	1.75
SRR1039509	LHFPL2	GALNT15	1.75
SRR1039508	GREM1	CTSB	1.75
SRR1039508	MOB1A	CTSB	1.75
SRR1039509	SEC23A	GALNT15	1.75
SRR1039509	TAPBP	EHD2	1.75
SRR1039508	ALDH6A1	ERLIN2	1.71
SRR1039509	TRPV1	STOM	1.7
SRR1039509	MOB1A	CTSB	1.7
SRR1039509	GLUL	FKBP9	1.7
SRR1039508	SAFB2	FBLIM1	1.69
SRR1039508	RP11-1212A22.4	NPIPB12	1.68
SRR1039509	C2orf49	STAT2	1.68
SRR1039509	PPIA	RDH10	1.67
SRR1039508	LHFPL2	MARCH6	1.67
SRR1039509	SAFB2	GNS	1.67
SRR1039508	ZBTB16	SCARB2	1.67
SRR1039509	ALDH6A1	STAT2	1.67
SRR1039509	ZBTB16	SCARB2	1.67
SRR1039508	RP11-1212A22.4	RP11-1212A22.1	1.62
SRR1039509	ZBTB16	ARHGAP1	1.6
SRR1039508	BMPR1A	NXN	1.6
SRR1039508	ALDH6A1	ATP8B2	1.59
SRR1039508	CD82	SLC43A2	1.59
SRR1039509	LHFPL2	PCYT1A	1.58
SRR1039508	ACTA2	C4orf36	1.57
SRR1039508	ALDH6A1	PKNOX1	1.57
SRR1039508	ALDH6A1	SLC35E3	1.55
SRR1039509	APCDD1	DSEL	1.55
SRR1039509	ALDH6A1	SS18	1.55
SRR1039509	COL6A3	RPL7L1	1.54
SRR1039509	TAPBP	H6PD	1.53
SRR1039509	MOB1A	COQ10B	1.52
SRR1039509	DCAF17	MYO1C	1.51
SRR1039509	CD82	LLGL1	1.51
SRR1039509	SEC23A	RPL7L1	1.51
SRR1039509	BMPR1A	RPL7L1	1.51
SRR1039508	BMPR1A	PGK1	1.5
SRR1039508	DZIP1	ZKSCAN1	1.5
SRR1039508	ATP5J2	FAM210B	1.5
SRR1039508	MYH11	SELENON	1.5
SRR1039508	QSOX1	GPNMB	1.5
SRR1039508	BMPR1A	ITGA2	1.5
SRR1039508	BMPR1A	ANGEL2	1.5
SRR1039508	COL6A3	CTA-414D7.1	1.5
SRR1039509	C2orf49	RHOBTB3	1.5
SRR1039508	ALDH6A1	CHP1	1.5
SRR1039509	SAFB2	NUDT4	1.5
SRR1039509	CCDC80	RHOBTB3	1.5
SRR1039509	FTH1	FTH1P10	1.5
SRR1039508	ALDH6A1	SEPT11	1.5
SRR1039509	SAMHD1	PTRF	1.5
SRR1039509	RSF1	TOR4A	1.5
SRR1039509	NFKB2	ABHD2	1.5
SRR1039509	FN1	VDR	1.5
SRR1039508	TBCCD1	MSRB3	1.5
SRR1039509	TPM1	MOB3A	1.5
SRR1039508	SEC23A	SNAP29	1.5
SRR1039508	BMPR1A	DTX3L	1.5
SRR1039509	ZBTB16	ITIH5	1.5
SRR1039509	SYNPO2	C9orf78	1.5
SRR1039509	EEF1A1	EEF1A1P11	1.5
SRR1039509	CCDC80	ARPP19	1.5
SRR1039509	CRISPLD2	DEGS1	1.5
SRR1039508	BMPR1A	STOM	1.5
SRR1039509	SAMHD1	MXRA7	1.5
SRR1039509	ALDH6A1	MYO1C	1.5
SRR1039508	CNN1	SPCS3	1.5
SRR1039509	RCAN1	MYO1C	1.5
SRR1039509	C2orf49	OSMR	1.5
SRR1039509	CD46	TMEM120B	1.5
SRR1039508	MGLL	OGFRL1	1.5
SRR1039509	SEC23A	KPNA6	1.5
SRR1039508	CELF1	ZNF117	1.5
SRR1039509	HSPA2	ZNF397	1.5
SRR1039508	MGLL	ZFAND5	1.5
SRR1039508	C5orf63	BCYRN1	1.5
SRR1039508	ASH2L	SELENON	1.5
SRR1039508	CCDC69	KIAA1143	1.5
SRR1039508	AQR	NAV1	1.5
SRR1039509	GRK4	MYADM	1.5
SRR1039509	ALDH6A1	RHOBTB3	1.5
SRR1039508	CCDC69	IL1R1	1.5
SRR1039508	TRPV1	ATP6V1A	1.5
SRR1039508	ALDH6A1	SGCB	1.5
SRR1039508	BMPR1A	WDR82	1.5
SRR1039508	ALDH6A1	SPCS3	1.5
SRR1039508	COL6A3	SELENON	1.5
SRR1039509	EEF1A1	EEF1A1P38	1.5
SRR1039508	MID1IP1	SERINC3	1.5
SRR1039509	FN1	TMEM80	1.5
SRR1039508	HSPA2	RPL7L1	1.5
SRR1039509	MYH11	HEATR5A	1.5
SRR1039509	ENTPD3	FGD5-AS1	1.5
SRR1039508	COL1A1	RPL7L1	1.5
SRR1039508	MID1IP1	POLR2M	1.5
SRR1039509	MYH11	SNTB2	1.5
SRR1039509	TRPV1	EHD2	1.5
SRR1039508	SLC29A4	STOM	1.5
SRR1039509	LHFPL2	CTSB	1.47
SRR1039508	RSF1	RP11-120B7.1	1.47
SRR1039508	APCDD1	STAT3	1.46
SRR1039508	SEC23A	RDH10	1.46
SRR1039509	SEC23A	TOR1AIP2	1.45
SRR1039509	TRPV1	APOBEC3C	1.45
SRR1039508	TRPV1	PNPO	1.45
SRR1039508	HSPA2	ATP8B2	1.44
SRR1039509	BMPR1A	PDDC1	1.44
SRR1039508	LHFPL2	ATP8B2	1.42
SRR1039509	BMPR1A	LIMS1	1.42
SRR1039509	RP11-1212A22.4	PKD1P1	1.41
SRR1039509	FLNB	OSMR	1.4
SRR1039509	MOB1A	SLC17A5	1.4
SRR1039509	CD82	F2R	1.4
SRR1039508	BMPR1A	FLCN	1.4
SRR1039508	C2orf49	STAT2	1.38
SRR1039508	ALDH6A1	KANK2	1.37
SRR1039508	TAPBP	GPI	1.37
SRR1039508	ABI2	NEK9	1.37
SRR1039508	SEC23A	FBXL18	1.35
SRR1039508	ALDH6A1	SERINC3	1.35
SRR1039509	TRPV1	C15orf40	1.35
SRR1039508	DCAF17	MAP3K20	1.35
SRR1039509	MICU2	DENR	1.34
SRR1039509	FN1	PNPT1	1.33
SRR1039509	TBCCD1	UBE2G2	1.33
SRR1039509	GRK4	TRIM22	1.33
SRR1039508	TPM1	PDCD7	1.33
SRR1039508	FKBP5	GINM1	1.33
SRR1039508	GRK4	PDCD7	1.33
SRR1039508	SAMHD1	EIF2S3	1.33
SRR1039508	ABI2	UBE2G2	1.33
SRR1039509	SYNPO2	MEG3	1.33
SRR1039508	CRISPLD2	IFITM1	1.33
SRR1039508	LHFPL2	TMEM184C	1.33
SRR1039508	CRISPLD2	LRRN4CL	1.33
SRR1039508	SEC23A	TOR1AIP2	1.33
SRR1039508	CD82	HP1BP3	1.33
SRR1039508	RSF1	TOR4A	1.33
SRR1039508	STEAP2	LIMS1	1.33
SRR1039508	APCDD1	LIMS1	1.33
SRR1039508	APCDD1	B4GALT5	1.33
SRR1039509	ABI2	ATL3	1.33
SRR1039508	DIEXF	CRTAP	1.33
SRR1039509	COQ7	MORN4	1.33
SRR1039509	ABI2	GINM1	1.33
SRR1039509	CLDN11	GINM1	1.33
SRR1039508	SLC29A4	ANAPC16	1.33
SRR1039508	ALDH6A1	ALDH3B1	1.33
SRR1039508	BMPR1A	CHP1	1.33
SRR1039508	TPM2	AC098614.2	1.33
SRR1039509	SLC29A4	ATP6V1A	1.33
SRR1039509	ALDH6A1	PTGIS	1.33
SRR1039509	SYNPO2	PTGIS	1.33
SRR1039509	ZZZ3	BLOC1S6	1.33
SRR1039508	ALDH6A1	CYP51A1	1.3
SRR1039508	ALDH6A1	LRRD1	1.3
SRR1039508	TAPBP	KIAA1191	1.3
SRR1039508	LHFPL2	CTSB	1.27
SRR1039509	CD82	STAT3	1.27
SRR1039508	ACTA2	PARP15	1.26
SRR1039508	MGLL	TRIOBP	1.26
SRR1039508	MOB1A	ARHGAP1	1.25
SRR1039508	ALDH6A1	PEX2	1.25
SRR1039508	MID1IP1	SIK2	1.25
SRR1039509	SAFB2	DPP9	1.25
SRR1039508	TAPBP	LNX2	1.25
SRR1039509	SLC29A4	GALNT15	1.25
SRR1039508	HDAC6	LIMS1	1.25
SRR1039508	RP11-1212A22.4	AC138969.4	1.25
SRR1039509	TNFRSF11B	TOR1AIP2	1.25
SRR1039509	ASH2L	ATL3	1.25
SRR1039509	TBCCD1	SELENON	1.25
SRR1039509	COL6A3	SUMF2	1.25
SRR1039509	ASH2L	PTRF	1.25
SRR1039508	SYNPO2	F2R	1.25
SRR1039509	SEC23A	SOCS4	1.25
SRR1039509	C2orf49	STAT3	1.25
SRR1039508	ZBTB16	ZNF43	1.25
SRR1039509	RCAN1	ZNF770	1.25
SRR1039508	MID1IP1	CNN2	1.25
SRR1039509	SYNPO2	ARMC10	1.25
SRR1039509	ZBTB16	MAGT1	1.25
SRR1039509	SEC23A	KREMEN1	1.25
SRR1039509	BMPR1A	PCYOX1	1.24
SRR1039509	BMPR1A	GLMP	1.24
SRR1039509	CD82	BORCS7	1.23
SRR1039509	ALDH6A1	ATP8B2	1.23
SRR1039508	SEC23A	MAVS	1.22
SRR1039508	TRPV1	AGO3	1.22
SRR1039509	SLC29A4	STAT3	1.22
SRR1039508	ABI2	SGCB	1.21
SRR1039508	RP11-1212A22.4	PKD1P6-NPIPP1	1.21
SRR1039508	CD82	RAB21	1.21
SRR1039509	GRK4	FKBP9	1.21
SRR1039508	TPM1	SIK2	1.21
SRR1039509	TAPBP	COLGALT1	1.2
SRR1039509	DHRSX	LINC00895	1.2
SRR1039509	BMPR1A	FKBP9	1.2
SRR1039509	SAMHD1	DEGS1	1.2
SRR1039508	TPM1	MOB3A	1.2
SRR1039509	DZIP1	COLGALT1	1.2
SRR1039509	CLINT1	CTSB	1.2
SRR1039508	TAPBP	LEPROT	1.2
SRR1039508	COL6A3	PCYOX1	1.2
SRR1039509	SYNPO2	FAM114A1	1.2
SRR1039509	SLC29A4	TMOD3	1.2
SRR1039508	APCDD1	IFIT3	1.2
SRR1039508	ALDH6A1	PARP14	1.2
SRR1039508	TBCCD1	SLC25A32	1.2
SRR1039508	MYH11	KDSR	1.2
SRR1039508	SAFB2	SYAP1	1.2
SRR1039508	BMPR1A	RP5-1014D13.2	1.2
SRR1039508	ABI2	ELOCP33	1.18
SRR1039508	RP11-1212A22.4	NPIPB13	1.18
SRR1039509	SAFB2	RBM3	1.17
SRR1039508	MOB1A	SLC35E3	1.17
SRR1039508	TRPV1	ZNF713	1.17
SRR1039508	SEC23A	ESYT2	1.17
SRR1039508	COL6A3	SRD5A1	1.17
SRR1039509	RP11-1212A22.4	RP11-1212A22.1	1.17
SRR1039508	SLC29A4	EEF2K	1.17
SRR1039509	SLC29A4	SSR3	1.17
SRR1039508	SYNPO2	ZBTB8A	1.17
SRR1039508	SYNPO2	SCARB2	1.17
SRR1039508	SEC23A	RHOBTB3	1.17
SRR1039509	SAFB2	STAT3	1.17
SRR1039509	TPM2	AC098614.2	1.17
SRR1039508	BRIX1	TPM4	1.17
SRR1039508	GRK4	FKBP9	1.17
SRR1039508	TRPV1	CNN2	1.17
SRR1039508	RP11-1212A22.4	NPIPA2	1.17
SRR1039508	SEC23A	FKBP9	1.17
SRR1039509	TRPV1	PAFAH1B2	1.17
SRR1039509	LGALS3	SCARB2	1.17
SRR1039509	BMPR1A	UTP11	1.16
SRR1039508	SYNPO2	GLTP	1.16
SRR1039508	ALDH6A1	ZNF844	1.16
SRR1039508	FN1	NXN	1.14
SRR1039508	TAPBP	C19orf25	1.14
SRR1039509	RSF1	AC079922.2	1.14
SRR1039508	COL6A3	CCDC127	1.14
SRR1039508	SLC29A4	SRP68	1.14
SRR1039509	TAPBP	WDR82	1.14
SRR1039509	STEAP2	ARPC5	1.12
SRR1039508	COL6A3	NF2	1.12
SRR1039509	SAFB2	ZNF26	1.12
SRR1039509	TPM1	LRRC58	1.12
SRR1039508	SAFB2	NF2	1.12
SRR1039508	TPM1	SMG1	1.12
SRR1039508	MOB1A	SNF8	1.11
SRR1039508	TAPBP	MEG3	1.11
SRR1039509	CD82	DIP2A	1.11
SRR1039509	ALDH6A1	MRPL42	1.11
SRR1039508	TBCCD1	TLCD2	1.11
SRR1039509	ABI2	SLC30A6	1.11
SRR1039509	ACTA2	FGF5	1.11
SRR1039509	SAFB2	DTX3L	1.11
SRR1039509	ALDH6A1	ZNF347	1.11
SRR1039508	COL6A3	CHP1	1.1
SRR1039509	TAPBP	ADGRV1	1.1
SRR1039508	MOB1A	ESYT2	1.1
SRR1039508	COL1A1	C12orf49	1.1
SRR1039509	LCMT2	ATP8B2	1.1
SRR1039508	ALDH6A1	DSTYK	1.1
SRR1039509	TBCCD1	MTMR9	1.1
SRR1039509	TRPV1	TBC1D20	1.1
SRR1039508	ALDH6A1	FKBP11	1.09
SRR1039508	ACTA2	FGF5	1.09
SRR1039508	SLC29A4	ZNF347	1.09
SRR1039509	TBCCD1	LRRN4CL	1.08
SRR1039509	CD82	OGFRL1	1.08
SRR1039508	CLINT1	CTSB	1.08
SRR1039508	ALDH6A1	PRKCSH	1.08
SRR1039509	BMPR1A	LRRN4CL	1.08
SRR1039508	BRIX1	RAD1	1.08
SRR1039509	RP11-1212A22.4	PKD1P5	1.08
SRR1039508	TAPBP	PHACTR4	1.08
SRR1039508	ALDH6A1	UQCC1	1.08
SRR1039509	APCDD1	MSRB3	1.07
SRR1039509	ALDH6A1	ARIH2	1.07
SRR1039508	STEAP2	TRIM68	1.07
SRR1039508	CRISPLD2	GPN2	1.07
SRR1039508	SYNPO2	WSB1	1.07
SRR1039508	ALDH6A1	CYB561A3	1.06
SRR1039508	TRPV1	SFT2D2	1.06
SRR1039508	BMPR1A	SLC35E2B	1.06
SRR1039509	SLC29A4	TMX4	1.06
SRR1039509	APCDD1	B4GALT5	1.06
SRR1039508	MICU2	ANKRD13A	1.06
SRR1039509	ALDH6A1	METTL2B	1.06
SRR1039509	ALDH6A1	LNPK	1.06
SRR1039509	CD82	HELLPAR	1.06
SRR1039509	ATP5J2	TANGO2	1.06
SRR1039509	APCDD1	STAT3	1.06
SRR1039508	HSPA2	MYADM	1.06
SRR1039508	PUS7L	CATSPERG	1.05
SRR1039509	COL6A3	SUGP2	1.05
SRR1039508	SLC12A8	SMIM14	1.05
SRR1039509	TAPBP	AK9	1.05
SRR1039508	TAPBP	SLC43A2	1.05
SRR1039509	USP53	KIF1B	1.05
SRR1039508	ALDH6A1	TMEM192	1.05
SRR1039509	CD82	AK9	1.05
SRR1039509	ALDH6A1	IRAK4	1.05
SRR1039508	CD82	SWAP70	1.05
SRR1039509	ADAMTS1	VMA21	1.05
SRR1039509	TAPBP	YME1L1	1.05
SRR1039509	ACTA2	LINC01814	1.05
SRR1039508	SEC23A	RNF41	1.04
SRR1039509	COL6A3	TMED4	1.04
SRR1039509	BMPR1A	MAP3K20	1.04
SRR1039508	CCDC80	GLMP	1.04
SRR1039508	TPM1	CDKAL1	1.04
SRR1039509	MGLL	CACUL1	1.04
SRR1039508	SEC23A	AK1	1.04
SRR1039508	TPM1	CINP	1.04
SRR1039509	CCDC69	OIP5-AS1	1.04
SRR1039508	APCDD1	TMOD3	1.04
SRR1039508	PANK2	SNHG5	1.04
SRR1039509	BMPR1A	ANGEL2	1.03
SRR1039508	TAPBP	CCBE1	1.03
SRR1039509	COQ7	ATP6AP1L	1.03
SRR1039509	COQ7	KLHL6	1.03
SRR1039508	CD82	LLGL1	1.03
SRR1039509	CCDC69	PHACTR4	1.03
SRR1039509	SLC29A4	MXRA7	1.03
SRR1039508	MOB1A	DSTYK	1.03
SRR1039508	TRPV1	ECE1	1.03
SRR1039508	SYNPO2	ATP8B2	1.03
SRR1039508	MGLL	ATP8B2	1.03
SRR1039509	CCDC69	LINC00963	1.03
SRR1039509	ALDH6A1	PARP14	1.03
SRR1039509	ALDH6A1	ARMC10	1.03
SRR1039508	ALDH6A1	TATDN3	1.03
SRR1039509	COL6A3	SERPINB1	1.03
SRR1039508	ALDH6A1	PTCD1	1.03
SRR1039509	SEC23A	LRRC58	1.03
SRR1039508	DHRSX	SCAMP4	1.03
SRR1039508	TRPV1	SLC11A2	1.03
SRR1039509	RP11-1212A22.4	RP11-958N24.2	1.03
SRR1039508	CRISPLD2	SAR1B	1.03
SRR1039508	SLC29A4	C15orf40	1.03
SRR1039508	SAFB2	TSPYL1	1.03
SRR1039508	SAFB2	RPS27L	1.02
SRR1039509	TRPV1	NUPR1	1.02
SRR1039509	TPM1	TFDP2	1.02
SRR1039508	TPM1	SLC35A3	1.02
SRR1039508	STEAP2	CPT1A	1.02
SRR1039508	MOB1A	SPAG9	1.02
SRR1039508	GRK4	IDS	1.02
SRR1039509	CRISPLD2	NMT2	1.02
SRR1039509	BMPR1A	C16orf72	1.02
SRR1039509	FKBP5	MNT	1.02
SRR1039509	CD82	TRIM59	1.02
SRR1039508	ALDH6A1	GSTK1	1.02
SRR1039509	C2orf49	SLC31A1	1.02
SRR1039509	ALDH6A1	PLBD2	1.02
SRR1039508	SLC29A4	RNF115	1.02
SRR1039508	BMPR1A	SMG1	1.02
SRR1039509	BMPR1A	CTD-2349P21.7	1.02
SRR1039509	SEC23A	EFCAB11	1.02
SRR1039508	ABI2	CCBE1	1.02
SRR1039508	ALDH6A1	TOR1AIP1	1.02
SRR1039509	TAPBP	ZNF785	1.02
SRR1039508	MGLL	ZNF829	1.02
SRR1039509	TBCCD1	MPRIP	1.02
SRR1039509	TPM1	SERINC3	1.02
SRR1039508	ALDH6A1	RP11-74E22.8	1.01
SRR1039509	MGLL	ZKSCAN1	1.01
SRR1039509	BMPR1A	EMP2	1.01
SRR1039509	SEC23A	ATF7IP	1.01
SRR1039509	TAPBP	MEG3	1.01
SRR1039509	SEC23A	FBXL20	1.01
SRR1039509	TRPV1	HILPDA	1.01
SRR1039508	TAPBP	NABP1	1.01
SRR1039509	CD82	GNB4	1.01
SRR1039509	STEAP2	FOXK1	1.01
SRR1039509	BMPR1A	LRTOMT	1.01
SRR1039509	CD82	TTC39C	1.01
SRR1039509	CCDC69	RP11-429P3.8	1.01
SRR1039508	EIF3I	IVD	1.01
SRR1039509	PIGM	AAED1	1.01
SRR1039508	SEC23A	TAF8	1.01
SRR1039508	CD82	CAV2	1.01
SRR1039509	ALDH6A1	RAMP2-AS1	1.01
SRR1039508	BMPR1A	KIAA0319L	1.01
SRR1039509	ALDH6A1	TOR1AIP1	1.01
SRR1039509	APCDD1	ZNF561	1.01
SRR1039509	SLC29A4	TOR1AIP1	1.01
SRR1039509	TPM1	RNF14	1.01
SRR1039509	SEC23A	ABHD2	1.01
SRR1039509	ABI2	KIAA1191	1.01
SRR1039509	ABI2	PDE12	1.01
SRR1039508	CELF1	TMEM175	1.01
SRR1039509	STEAP2	PSMG4	1.01
SRR1039509	STEAP2	VSTM4	1.01
SRR1039508	ALDH6A1	LRP10	1.01
SRR1039509	ERGIC1	CMBL	1.01
SRR1039508	ABI2	TECPR1	1.01
SRR1039508	TPM1	SMAD2	1.01
SRR1039509	ALDH6A1	PDDC1	1.01
SRR1039508	QSOX1	SENP5	1.01
SRR1039508	HSPA2	GFPT1	1.01
SRR1039508	HSPA2	ZNF264	1.01
SRR1039509	CD82	MDM2	1.01
SRR1039509	SEC23A	ZNF445	1.01
SRR1039509	HDAC6	RNF41	1.01
SRR1039508	BMPR1A	CRX	1.01
SRR1039509	TRPV1	AC011558.5	1.01
SRR1039509	SLC12A8	GATAD1	1.01
SRR1039508	BMPR1A	PSPH	1.01
SRR1039509	LHFPL2	BLOC1S6	1.0
SRR1039508	TPM1	DTX3L	1.0
SRR1039509	BMPR1A	PEX26	1.0
SRR1039508	TAPBP	TNFRSF10B	1.0
SRR1039508	FN1	ZKSCAN3	1.0
SRR1039508	SLC29A4	RNF207	1.0
SRR1039508	SLC29A4	PPM1K	1.0
SRR1039508	ABI2	CPS1	1.0
SRR1039508	MICU2	TRAM2	1.0
SRR1039508	MOB1A	RP5-1039K5.19	1.0
SRR1039509	ABI2	TTPAL	1.0
SRR1039509	TAPBP	NATD1	1.0
SRR1039508	STEAP2	IREB2	1.0
SRR1039508	SEC23A	RN7SL405P	1.0
SRR1039508	FKBP5	FBLIM1	1.0
SRR1039508	STEAP2	ZSCAN2	1.0
SRR1039509	TPM1	ASB6	1.0
SRR1039509	CD82	IL17RC	1.0
SRR1039508	COL6A3	SCAMP4	1.0
SRR1039508	PUS7L	CMBL	1.0
SRR1039508	FN1	PNPT1	1.0
SRR1039509	COL6A3	FAM114A1	1.0
SRR1039509	MOB1A	FGFR1	1.0
SRR1039509	CD82	SPATS2L	1.0
SRR1039509	CD82	ISG20L2	1.0
SRR1039509	CCDC171	SPAG9	1.0
SRR1039509	MYH11	MTF1	1.0
SRR1039509	EEF1D	NQO2	1.0
SRR1039509	TRPV1	SLC38A7	1.0
SRR1039509	SAMHD1	PLBD2	1.0
SRR1039509	C2orf49	GSR	1.0
SRR1039509	BMPR1A	JOSD1	1.0
SRR1039509	LHFPL2	SYTL4	1.0
SRR1039509	MFSD9	CCBE1	1.0
SRR1039509	DCAF17	SYNJ2BP	1.0
SRR1039509	TRPV1	CPT1A	1.0
SRR1039509	SEC23A	FBXO44	1.0
SRR1039509	COL6A3	GABPB1-AS1	1.0
SRR1039509	CD46	SYAP1	1.0
SRR1039509	MYH11	SRSF11	1.0
SRR1039509	SLC12A8	CHTOP	1.0
SRR1039509	MFSD9	PEX13	1.0
SRR1039509	ALDH6A1	PARP11	1.0
SRR1039509	FN1	NAP1L1	1.0
SRR1039509	TBCCD1	SLC2A5	1.0
SRR1039509	AQR	TOR1AIP2	1.0
SRR1039509	MOB1A	SYNE3	1.0
SRR1039509	FTH1	BEST1	1.0
SRR1039509	MOB1A	EHD2	1.0
SRR1039509	SAMHD1	RP11-632K20.7	1.0
SRR1039509	C7	RP11-63B13.1	1.0
SRR1039509	GRK4	ALDH3B1	1.0
SRR1039509	CCDC69	COL8A1	1.0
SRR1039509	CD82	MCCC2	1.0
SRR1039509	FTH1	MT-ND5	1.0
SRR1039509	SLC29A4	FGD5-AS1	1.0
SRR1039509	SAFB2	SAFB	1.0
SRR1039509	NFKB2	PAICS	1.0
SRR1039509	LHFPL2	UTP14C	1.0
SRR1039509	EEF1A1	EEF1A1P29	1.0
SRR1039509	CD82	SERINC3	1.0
SRR1039509	ZFAND3	ABCF2	1.0
SRR1039509	PUS7L	GPNMB	1.0
SRR1039509	EEF1A1	SEC62	1.0
SRR1039509	EEF1A1	EEF1A1P10	1.0
SRR1039509	DHRSX	VPS53	1.0
SRR1039509	CCDC80	KREMEN1	1.0
SRR1039509	SAFB2	EVI5	1.0
SRR1039509	ZBTB16	HELZ2	1.0
SRR1039509	EIF3I	PCYOX1	1.0
SRR1039509	TPM1	FAM133B	1.0
SRR1039509	SLC29A4	HERPUD2	1.0
SRR1039509	LGALS3	LRP10	1.0
SRR1039509	C7	INPP4B	1.0
SRR1039509	MYH11	SELENON	1.0
SRR1039509	CD46	APOL6	1.0
SRR1039509	ERGIC1	LLGL1	1.0
SRR1039509	FKBP5	SEPT11	1.0
SRR1039509	ALDH6A1	L3MBTL2	1.0
SRR1039509	SERPINA3	RP11-986E7.7	1.0
SRR1039509	DZIP1	HAUS5	1.0
SRR1039509	SAFB2	TRAPPC2	1.0
SRR1039509	FTH1	TFG	1.0
SRR1039509	BMPR1A	PHAX	1.0
SRR1039509	ABI2	TES	1.0
SRR1039509	TPT1	TPT1P4	1.0
SRR1039509	SLC29A4	RAD1	1.0
SRR1039509	ALDH6A1	BACE2	1.0
SRR1039509	COL6A2	COL7A1	1.0
SRR1039509	USP53	RP5-1039K5.19	1.0
SRR1039509	IPO8	SSSCA1-AS1	1.0
SRR1039509	LGALS3	CAV2	1.0
SRR1039509	BRIX1	PSPN	1.0
SRR1039509	COL1A1	C12orf49	1.0
SRR1039509	TAPBP	SPTLC2	1.0
SRR1039509	TPM1	WNT2B	1.0
SRR1039509	FN1	ARL17A	1.0
SRR1039509	COQ7	CMBL	1.0
SRR1039509	SEC23A	TGOLN2	1.0
SRR1039509	COL6A3	CALCOCO2	1.0
SRR1039509	CLINT1	ZNF780B	1.0
SRR1039509	SLC29A4	RAB29	1.0
SRR1039509	CLDN11	SURF6	1.0
SRR1039509	EEF1A1	EEF1A1P13	1.0
SRR1039509	CD46	RILPL1	1.0
SRR1039509	RCAN1	MRPS10	1.0
SRR1039509	MOB1A	FANCD2	1.0
SRR1039509	GREM1	PPP1CB	1.0
SRR1039509	FTH1	FTH1P21	1.0
SRR1039509	DZIP1	CYP4V2	1.0
SRR1039509	SLC29A4	TMEM136	1.0
SRR1039509	ADAMTS1	PBLD	1.0
SRR1039509	CCDC69	RUNDC1	1.0
SRR1039509	CD82	DCAF7	1.0
SRR1039509	TYMP	UBE2G1	1.0
SRR1039509	ALDH6A1	TXNL1	1.0
SRR1039509	DCN	FCGRT	1.0
SRR1039509	STEAP2	NDUFC2	1.0
SRR1039509	COL6A3	SMURF2	1.0
SRR1039509	SLC30A9	GSDMD	1.0
SRR1039509	ALDH6A1	NFE2L2	1.0
SRR1039509	RIC8A	NDUFC2	1.0
SRR1039509	GRK4	RNPS1	1.0
SRR1039509	CD82	MAPK1IP1L	1.0
SRR1039509	FN1	TRPM7	1.0
SRR1039509	TAPBP	SOAT1	1.0
SRR1039509	EEF1A1	EEF1A1P4	1.0
SRR1039509	MGLL	KLHL36	1.0
SRR1039509	MLPH	GALNT15	1.0
SRR1039509	SLC29A4	RAB3D	1.0
SRR1039509	CCDC69	WHAMM	1.0
SRR1039509	NEXN	TIAL1	1.0
SRR1039509	HDAC6	RP11-81A1.4	1.0
SRR1039509	LGALS3	ATL3	1.0
SRR1039509	COL6A3	KDELC2	1.0
SRR1039509	ABI2	FAM134C	1.0
SRR1039509	HDAC6	STAT2	1.0
SRR1039509	COQ7	TRPV3	1.0
SRR1039509	ABI2	SNX27	1.0
SRR1039509	HSPA2	CSNK1E	1.0
SRR1039509	SVEP1	CSNK1E	1.0
SRR1039509	TAPBP	IVD	1.0
SRR1039509	ZZZ3	PIGQ	1.0
SRR1039509	QSOX1	FSTL1	1.0
SRR1039509	RCAN1	FGD4	1.0
SRR1039509	QSOX1	ADH1B	1.0
SRR1039509	DHRSX	AKT2	1.0
SRR1039509	BMPR1A	C7orf73	1.0
SRR1039509	NFKB2	CYB5A	1.0
SRR1039509	MGLL	FADS1	1.0
SRR1039509	DCAF17	LAMP2	1.0
SRR1039509	GREM1	VDR	1.0
SRR1039509	COL6A3	DDX55	1.0
SRR1039509	COL1A1	FADS1	1.0
SRR1039509	GUSB	UBXN2A	1.0
SRR1039509	BMPR1A	MLLT6	1.0
SRR1039509	ALDH6A1	GPR161	1.0
SRR1039509	MID1IP1	RP11-565F19.4	1.0
SRR1039509	TRPV1	ITPRIPL2	1.0
SRR1039509	TAPBP	HCG11	1.0
SRR1039509	ABI2	AIG1	1.0
SRR1039509	EEF1A1	EEF1A1P6	1.0
SRR1039509	MGLL	FCF1	1.0
SRR1039509	SAMHD1	TLDC2	1.0
SRR1039509	GREM1	BECN1	1.0
SRR1039509	COL6A3	PCSK6	1.0
SRR1039509	HDAC6	SLC44A2	1.0
SRR1039509	CCDC80	RP5-1000K24.2	1.0
SRR1039509	SLC29A4	HCG11	1.0
SRR1039509	ALDH6A1	ZCCHC4	1.0
SRR1039509	COL6A3	RP11-894P9.1	1.0
SRR1039509	ALDH6A1	ZNF432	1.0
SRR1039509	GREM1	PTGIS	1.0
SRR1039509	CRISPLD2	ADAM33	1.0
SRR1039509	MYH11	MYH10	1.0
SRR1039509	MOB1A	STK17B	1.0
SRR1039509	NFKB2	SLC4A8	1.0
SRR1039509	ATP5J2	SHISA2	1.0
SRR1039509	METTL7A	IVD	1.0
SRR1039509	EIF3I	TMEM234	1.0
SRR1039509	BRIX1	MPHOSPH8	1.0
SRR1039509	ZZZ3	KIF1B	1.0
SRR1039509	APCDD1	ANKLE2	1.0
SRR1039509	COL6A3	ISY1	1.0
SRR1039509	COL1A1	PIGW	1.0
SRR1039509	TBP	MED15	1.0
SRR1039509	SLC30A9	ARSG	1.0
SRR1039509	ZNF627	ZNF700	1.0
SRR1039509	MMP2	YBX3	1.0
SRR1039509	DIEXF	GNPNAT1	1.0
SRR1039509	MIS12	MAU2	1.0
SRR1039509	ALDH6A1	AC025335.1	1.0
SRR1039509	ABI2	BLOC1S6	1.0
SRR1039509	MOB1A	NUP155	1.0
SRR1039509	METTL7A	SFPQ	1.0
SRR1039509	FTL	FTLP3	1.0
SRR1039509	ABI2	OTUD5	1.0
SRR1039509	COL6A3	LONP2	1.0
SRR1039509	CELF1	PGPEP1	1.0
SRR1039509	MOB1A	GLRX	1.0
SRR1039509	ALDH6A1	SSH1	1.0
SRR1039509	TBP	NCOA3	1.0
SRR1039509	LRP1	WDR13	1.0
SRR1039509	RANBP1	TRMT2A	1.0
SRR1039509	RCAN1	UBXN2A	1.0
SRR1039509	RCAN1	BROX	1.0
SRR1039509	MGLL	GJC1	1.0
SRR1039509	FKBP5	WHAMM	1.0
SRR1039509	COQ7	ATL3	1.0
SRR1039509	STEAP2	ANKRD16	1.0
SRR1039509	FBLN1	PPP1CC	1.0
SRR1039509	MOB1A	RNF141	1.0
SRR1039509	ABI2	RP13-16H11.8	1.0
SRR1039509	CCAR2	BIN3	1.0
SRR1039509	EIF3I	RP11-208N14.5	1.0
SRR1039509	TRPV1	RBM28	1.0
SRR1039509	DIEXF	MDM2	1.0
SRR1039509	METTL7A	LYRM7	1.0
SRR1039509	PPIA	C12orf49	1.0
SRR1039509	MOB1A	H2AFV	1.0
SRR1039509	AQR	HOOK3	1.0
SRR1039509	C2orf49	CIAO1	1.0
SRR1039509	SAFB2	CNN2	1.0
SRR1039509	C2orf49	CEP44	1.0
SRR1039509	BMPR1A	FNIP1	1.0
SRR1039509	CLINT1	SUZ12P1	1.0
SRR1039509	SAFB2	CLN8	1.0
SRR1039509	FKBP5	TMEM19	1.0
SRR1039509	PUS7L	CFLAR	1.0
SRR1039509	APCDD1	MOB3A	1.0
SRR1039509	TAPBP	SMAD5	1.0
SRR1039509	BMPR1A	WDR82	1.0
SRR1039509	DZIP1	DFFA	1.0
SRR1039509	MAOA	MAOB	1.0
SRR1039509	COL6A3	IRGQ	1.0
SRR1039509	HSPA2	CCDC127	1.0
SRR1039509	CLDN11	ERVK13-1	1.0
SRR1039509	COQ7	C14orf132	1.0
SRR1039509	BMPR1A	CPT1A	1.0
SRR1039509	TRPV1	ECE1	1.0
SRR1039509	TRPV1	SCAF11	1.0
SRR1039509	VIM	NIPAL2	1.0
SRR1039509	MYH11	FAM177A1	1.0
SRR1039509	MGLL	BNIP2	1.0
SRR1039509	MMP2	VAPB	1.0
SRR1039509	LGALS3	TCEANC2	1.0
SRR1039509	ALDH6A1	MAN2C1	1.0
SRR1039509	DIEXF	CLK3	1.0
SRR1039509	LRP1	GYS1	1.0
SRR1039509	SEC23A	RP11-865I6.2	1.0
SRR1039509	TPM1	DACT3	1.0
SRR1039509	PUS7L	FGD4	1.0
SRR1039509	ACTB	ACLY	1.0
SRR1039509	ACTA2	C12orf50	1.0
SRR1039509	DIEXF	AHR	1.0
SRR1039509	ALDH6A1	CLMP	1.0
SRR1039509	GRK4	CENPC	1.0
SRR1039509	BRIX1	DPP9	1.0
SRR1039509	MOB1A	WDR60	1.0
SRR1039509	EIF3I	SP4	1.0
SRR1039509	COL6A3	TMPO	1.0
SRR1039509	TBCCD1	CASC15	1.0
SRR1039509	C2orf49	FOXK1	1.0
SRR1039509	COQ7	ALDH1B1	1.0
SRR1039509	COL1A2	IL10RB	1.0
SRR1039509	TAPBP	CLMP	1.0
SRR1039509	PANK2	WDR55	1.0
SRR1039509	TAPBP	LIMD1	1.0
SRR1039509	C2orf49	S100PBP	1.0
SRR1039509	MOSPD2	(sin mapeo en el índice completo)	1.0
SRR1039509	USP53	MAP3K13	1.0
SRR1039509	COL6A3	SLC2A3	1.0
SRR1039509	NFKB2	CTA-228A9.3	1.0
SRR1039509	HDAC6	ADAT1	1.0
SRR1039509	LHFPL2	DTD2	1.0
SRR1039509	SLC29A4	KIAA0319L	1.0
SRR1039509	PUS7L	PHAX	1.0
SRR1039509	BMPR1A	SLC35F6	1.0
SRR1039509	ALDH6A1	ZKSCAN1	1.0
SRR1039509	CLINT1	CTD-2547L24.3	1.0
SRR1039509	TPM1	UGDH	1.0
SRR1039509	ALDH6A1	ARL16	1.0
SRR1039509	SLC29A4	GTF2E1	1.0
SRR1039509	SYNPO2	ZNHIT6	1.0
SRR1039509	TBCCD1	APOL1	1.0
SRR1039509	CD82	RPLP1	1.0
SRR1039509	MOB1A	MDM2	1.0
SRR1039509	ZBTB16	DFFA	1.0
SRR1039509	COL1A2	GSN	1.0
SRR1039509	ZNF627	STOM	1.0
SRR1039509	TBCCD1	YIPF5	1.0
SRR1039509	MCM9	ASF1A	1.0
SRR1039509	LHFPL2	SWAP70	1.0
SRR1039509	ALDH6A1	ZNF431	1.0
SRR1039509	CD82	STX16	1.0
SRR1039509	GLUL	ADAMTS2	1.0
SRR1039509	TAPBP	SNTB2	1.0
SRR1039509	PUS7L	ENY2	1.0
SRR1039509	CCDC80	ARSG	1.0
SRR1039509	ERGIC1	AGO3	1.0
SRR1039509	TRPV1	CSNK1G1	1.0
SRR1039509	COL1A1	AFMID	1.0
SRR1039509	TPM1	FAM180A	1.0
SRR1039509	CD82	H6PD	1.0
SRR1039509	HSPA2	JOSD1	1.0
SRR1039509	COL6A3	AHSA2	1.0
SRR1039509	TBCCD1	WWTR1	1.0
SRR1039509	METTL7A	CAPS	1.0
SRR1039509	CD82	MYADM	1.0
SRR1039509	IPO8	MAGT1	1.0
SRR1039509	SLC29A4	ZNF566	1.0
SRR1039509	GRK4	PEAK1	1.0
SRR1039509	TBCCD1	REEP3	1.0
SRR1039509	APCDD1	DDOST	1.0
SRR1039509	APCDD1	PINK1-AS	1.0
SRR1039509	TPM1	FNBP1	1.0
SRR1039509	SLC29A4	SYNJ2BP	1.0
SRR1039509	BRIX1	JOSD1	1.0
SRR1039509	ABI2	KIAA1324	1.0
SRR1039509	SEC23A	VMA21	1.0
SRR1039509	SLC29A4	UBE2G2	1.0
SRR1039509	SLC29A4	NKIRAS2	1.0
SRR1039509	SEC23A	UNKL	1.0
SRR1039509	SEC23A	TRAM2	1.0
SRR1039509	ALDH6A1	NF2	1.0
SRR1039509	SAMHD1	NDUFS1	1.0
SRR1039509	CRISPLD2	KLHL8	1.0
SRR1039509	CD82	RNF157	1.0
SRR1039509	SLC29A4	VMA21	1.0
SRR1039509	COL6A3	TM2D2	1.0
SRR1039509	MGLL	GPNMB	1.0
SRR1039509	MGLL	ZSWIM1	1.0
SRR1039509	ASH2L	MXRA7	1.0
SRR1039509	ZZZ3	AAED1	1.0
SRR1039509	HSPA2	IDS	1.0
SRR1039509	CRISPLD2	MTAP	1.0
SRR1039509	MOB1A	THAP9-AS1	1.0
SRR1039509	BMPR1A	ECE1	1.0
SRR1039509	ALDH6A1	CENPH	1.0
SRR1039509	CRISPLD2	MEG3	1.0
SRR1039509	DCN	RP11-26J3.3	1.0
SRR1039509	ASH2L	ENPP1	1.0
SRR1039509	CLDN11	ITPRIPL2	1.0
SRR1039509	MOB1A	STOM	1.0
SRR1039509	MGLL	ELP3	1.0
SRR1039509	ALDH6A1	TPT1-AS1	1.0
SRR1039509	TRPV1	TTC28	1.0
SRR1039509	SPARC	POLR2A	1.0
SRR1039509	ZZZ3	GABPB1-AS1	1.0
SRR1039509	MYH11	MRPS27	1.0
SRR1039509	ALDH6A1	NCOA7	1.0
SRR1039509	SEC23A	ZNF770	1.0
SRR1039509	MOB1A	PTRF	1.0
SRR1039509	MGLL	ADH1B	1.0
SRR1039509	ZBTB16	SGCB	1.0
SRR1039509	DZIP1	CTC-244M17.1	1.0
SRR1039509	FKBP5	CLMP	1.0
SRR1039509	BMPR1A	LINC00963	1.0
SRR1039509	ALDH6A1	MR1	1.0
SRR1039509	TPM1	DNAJC7	1.0
SRR1039509	STEAP2	ERCC1	1.0
SRR1039509	SLC12A8	TMBIM6	1.0
SRR1039509	ASH2L	CDKN2AIPNL	1.0
SRR1039509	TBP	MED12	1.0
SRR1039509	TAGLN	TRIOBP	1.0
SRR1039509	COL6A3	MRI1	1.0
SRR1039509	B2M	MRPS11	1.0
SRR1039509	CD46	OIP5-AS1	1.0
SRR1039509	CD46	XPOT	1.0
SRR1039509	ABI2	LURAP1	1.0
SRR1039509	COL6A3	BRAP	1.0
SRR1039509	QSOX1	IRGQ	1.0
SRR1039509	BMPR1A	CRTAP	1.0
SRR1039509	DCAF17	NMNAT1	1.0
SRR1039509	SEC23A	ELMSAN1	1.0
SRR1039509	ALDH6A1	MAGT1	1.0
SRR1039509	C2orf49	PIK3C2A	1.0
SRR1039509	BRIX1	AKAP12	1.0
SRR1039509	CRISPLD2	CYP20A1	1.0
SRR1039509	SYNPO2	LRRN4CL	1.0
SRR1039509	CD82	SEPT11	1.0
SRR1039509	RCAN1	NXN	1.0
SRR1039509	MOB1A	RPS27L	1.0
SRR1039509	SAFB2	SLC25A3	1.0
SRR1039509	TAPBP	TAF13	1.0
SRR1039509	APCDD1	DNAJC3	1.0
SRR1039509	EIF3I	FBXO45	1.0
SRR1039509	COL6A3	NF2	1.0
SRR1039509	TRPV1	GFPT1	1.0
SRR1039509	PANK2	ACSS1	1.0
SRR1039509	ADAMTS1	RHOBTB3	1.0
SRR1039509	BMPR1A	GOLGA8B	1.0
SRR1039509	CRISPLD2	TSEN54	1.0
SRR1039509	BMPR1A	YEATS2	1.0
SRR1039509	DHRSX	FAM129A	1.0
SRR1039509	TBCCD1	H6PD	1.0
SRR1039509	SLC29A4	PRICKLE1	1.0
SRR1039509	COQ7	FGFR1	1.0
SRR1039509	BMPR1A	INTS11	1.0
SRR1039509	SLC29A4	AKIRIN1	1.0
SRR1039509	SEC23A	TMEM192	1.0
SRR1039509	HDAC6	SEC22A	1.0
SRR1039509	CRISPLD2	TMEM119	1.0
SRR1039509	BMPR1A	XPOT	1.0
SRR1039509	CCDC80	MDM2	1.0
SRR1039509	ABI2	ANKRD36	1.0
SRR1039509	METTL7A	SERINC3	1.0
SRR1039509	BMPR1A	ATG14	1.0
SRR1039509	SAFB2	RAB2B	1.0
SRR1039509	COL6A3	ATMIN	1.0
SRR1039509	LHFPL2	TMX1	1.0
SRR1039509	TRPV1	BROX	1.0
SRR1039509	C2orf49	IRS2	1.0
SRR1039509	PUS7L	CCBE1	1.0
SRR1039509	TBP	ZNF234	1.0
SRR1039509	ERGIC1	CHP1	1.0
SRR1039509	COL6A3	PRPF3	1.0
SRR1039509	LHFPL2	WDR55	1.0
SRR1039509	SAFB2	GCLM	1.0
SRR1039509	BMPR1A	TALDO1	1.0
SRR1039509	MT2A	MT1M	1.0
SRR1039509	SVEP1	PDZD8	1.0
SRR1039509	TBP	IRF2BPL	1.0
SRR1039509	SLC29A4	HINT3	1.0
SRR1039509	ABI2	LRRC47	1.0
SRR1039509	DCAF17	PRKAA1	1.0
SRR1039508	DCAF17	FAM157C	1.0
SRR1039509	BMPR1A	CBX5	1.0
SRR1039508	MIER1	AC092171.4	1.0
SRR1039508	SAMHD1	MAP3K20	1.0
SRR1039508	CD46	RBM3	1.0
SRR1039508	NFKB2	SPPL3	1.0
SRR1039508	ALDH6A1	Y_RNA	1.0
SRR1039508	MID1IP1	GATC	1.0
SRR1039508	CLDN11	RPL7L1	1.0
SRR1039508	TPT1	SPTSSA	1.0
SRR1039508	APCDD1	NF1	1.0
SRR1039508	CCDC80	SIVA1	1.0
SRR1039508	CNN1	TXNL1	1.0
SRR1039508	COL6A3	VPS41	1.0
SRR1039508	SAFB2	UGDH	1.0
SRR1039508	TPM1	RNF24	1.0
SRR1039508	CD82	RNF24	1.0
SRR1039508	MOB1A	EHD2	1.0
SRR1039508	ERGIC1	EGLN1	1.0
SRR1039508	DIEXF	STX16	1.0
SRR1039508	MYH11	C5orf24	1.0
SRR1039508	PUS7L	ALDH3B1	1.0
SRR1039508	ERGIC1	DSG2	1.0
SRR1039508	COL6A3	ISY1	1.0
SRR1039508	ADRB2	NAIP	1.0
SRR1039508	SVEP1	LANCL3	1.0
SRR1039508	RSF1	MRPS21	1.0
SRR1039508	LHFPL2	PHC3	1.0
SRR1039508	SAMHD1	KIF1B	1.0
SRR1039508	BMPR1A	TCFL5	1.0
SRR1039508	BMPR1A	AC068282.3	1.0
SRR1039508	PUS7L	TGOLN2	1.0
SRR1039508	DHRSX	FAM129A	1.0
SRR1039508	MID1IP1	RPP14	1.0
SRR1039508	SAFB2	ARSD	1.0
SRR1039508	CCDC69	ABL2	1.0
SRR1039508	C2orf49	C9orf78	1.0
SRR1039508	MID1IP1	EHD2	1.0
SRR1039508	FN1	OSMR	1.0
SRR1039508	SAFB2	UBXN2B	1.0
SRR1039508	SEC23A	DSCR3	1.0
SRR1039508	CRISPLD2	ZNF846	1.0
SRR1039508	ZZZ3	BLOC1S6	1.0
SRR1039508	ZNF627	ZNF14	1.0
SRR1039508	ABI2	TMEM192	1.0
SRR1039508	ALMS1	PDDC1	1.0
SRR1039508	TPM1	REEP3	1.0
SRR1039508	COL6A3	CEBPZOS	1.0
SRR1039508	FKBP5	LINC00969	1.0
SRR1039508	SVEP1	ISG20L2	1.0
SRR1039508	SYNPO2	FAM210B	1.0
SRR1039508	HSPA2	INTS11	1.0
SRR1039508	MBNL1	MBNL1-AS1	1.0
SRR1039508	COL6A3	SSR3	1.0
SRR1039508	USP53	PHLDA1	1.0
SRR1039508	ALDH6A1	FANCD2	1.0
SRR1039508	TPT1	TPT1P9	1.0
SRR1039508	CRISPLD2	PHLDA1	1.0
SRR1039508	BMPR1A	ARMC10	1.0
SRR1039508	SLC29A4	ANKLE2	1.0
SRR1039508	VIM	NONO	1.0
SRR1039508	SAFB2	SRFBP1	1.0
SRR1039508	PUS7L	LRRN4CL	1.0
SRR1039508	TAPBP	HACD2	1.0
SRR1039508	FN1	MRPS12	1.0
SRR1039508	SEC23A	KCTD21	1.0
SRR1039508	MGLL	LINC00909	1.0
SRR1039508	MYOM1	RPL27A	1.0
SRR1039508	PUS7L	INTS11	1.0
SRR1039508	ASH2L	FCF1	1.0
SRR1039508	HSPA2	BMS1P4	1.0
SRR1039508	KIAA1644	CEP68	1.0
SRR1039508	SLC29A4	RHNO1	1.0
SRR1039508	COQ7	ARHGEF39	1.0
SRR1039508	BMPR1A	RP11-861E21.2	1.0
SRR1039508	C7	STOML1	1.0
SRR1039508	C2orf49	DPP9	1.0
SRR1039508	C2orf49	CLIP1	1.0
SRR1039509	ERGIC1	TRIM56	1.0
SRR1039508	MOB1A	PLXDC1	1.0
SRR1039508	ALDH6A1	C18orf32	1.0
SRR1039508	FTL	FTLP3	1.0
SRR1039508	GREM1	PTGIS	1.0
SRR1039508	C2orf49	PSTPIP2	1.0
SRR1039508	TRPV1	NF2	1.0
SRR1039508	SEC23A	ALDH1L2	1.0
SRR1039508	APCDD1	ATG12	1.0
SRR1039508	CRISPLD2	PGPEP1	1.0
SRR1039508	TAPBP	BRE	1.0
SRR1039508	LCMT2	N4BP2L2	1.0
SRR1039508	PER1	GATAD1	1.0
SRR1039508	CCDC80	ZCCHC11	1.0
SRR1039508	SLC29A4	TMEM159	1.0
SRR1039508	QSOX1	BMPR2	1.0
SRR1039508	FKBP5	LRCH3	1.0
SRR1039508	TPM1	UGDH	1.0
SRR1039508	C7	CTA-212A2.3	1.0
SRR1039508	EEF1A1	MEAF6	1.0
SRR1039508	COL6A3	PPP1CB	1.0
SRR1039508	MGLL	QPRT	1.0
SRR1039508	RP11-1212A22.4	DFFA	1.0
SRR1039508	TBCCD1	YIPF5	1.0
SRR1039508	CCDC80	TOX4	1.0
SRR1039508	RP11-231C18.3	SLC9A1	1.0
SRR1039508	DHRSX	NGRN	1.0
SRR1039508	TRPV1	MSMO1	1.0
SRR1039508	CRISPLD2	PIGBOS1	1.0
SRR1039508	FN1	MRPS27	1.0
SRR1039508	ABI2	TMEM41B	1.0
SRR1039508	ALDH6A1	TGOLN2	1.0
SRR1039508	EIF3I	ANXA11	1.0
SRR1039508	ZBTB16	UHRF1BP1	1.0
SRR1039508	USP53	IER5	1.0
SRR1039508	MOB1A	IVD	1.0
SRR1039508	FTL	SAMD4A	1.0
SRR1039508	GRK4	PTGIS	1.0
SRR1039508	SLC29A4	EIF3G	1.0
SRR1039508	COL1A2	FBXL19-AS1	1.0
SRR1039508	FTH1	BTAF1	1.0
SRR1039508	PUS7L	ZNF528	1.0
SRR1039508	RPLP0	PDDC1	1.0
SRR1039508	TAPBP	RBSN	1.0
SRR1039508	TBP	ATN1	1.0
SRR1039508	SLC29A4	CBX5	1.0
SRR1039508	ADAMTS1	HFE	1.0
SRR1039508	SLC29A4	ZNHIT1	1.0
SRR1039508	TRPV1	AC006486.10	1.0
SRR1039508	CCDC69	PLEKHB2	1.0
SRR1039508	CCDC80	RAB3B	1.0
SRR1039508	STEAP2	DDOST	1.0
SRR1039508	STEAP2	PINK1-AS	1.0
SRR1039508	C2orf49	JOSD1	1.0
SRR1039508	FN1	MAPK1IP1L	1.0
SRR1039508	CRISPLD2	LLPH	1.0
SRR1039508	ABI2	PRKCA	1.0
SRR1039508	ABI2	VPS53	1.0
SRR1039508	ASH2L	SMIM19	1.0
SRR1039508	QSOX1	ACSF3	1.0
SRR1039508	COL6A1	MIGA2	1.0
SRR1039508	ICAM1	TMEM181	1.0
SRR1039508	BMPR1A	PEAK1	1.0
SRR1039508	STEAP2	SFXN1	1.0
SRR1039508	BMPR1A	RFC2	1.0
SRR1039508	HDAC6	MDM2	1.0
SRR1039508	COL3A1	TIMM9	1.0
SRR1039508	SLC29A4	AK1	1.0
SRR1039508	DZIP1	STYX	1.0
SRR1039508	COL1A1	NATD1	1.0
SRR1039508	BMPR1A	NF2	1.0
SRR1039508	FN1	INPP5B	1.0
SRR1039508	HSPA2	GLG1	1.0
SRR1039508	SAFB2	GNPTAB	1.0
SRR1039508	COL1A2	CHMP4A	1.0
SRR1039508	SLC29A4	MANSC1	1.0
SRR1039508	ERGIC1	H2AFV	1.0
SRR1039508	ERGIC1	RIOK3	1.0
SRR1039508	SLC29A4	VPS53	1.0
SRR1039508	ASH2L	NFKBIB	1.0
SRR1039508	SLC29A4	IRF1	1.0
SRR1039508	SEC23A	BVES	1.0
SRR1039508	MOB1A	ZNF677	1.0
SRR1039508	MOB1A	YME1L1	1.0
SRR1039508	SEC23A	FGD5-AS1	1.0
SRR1039508	GREM1	DYNC1LI2	1.0
SRR1039508	RSF1	QPRT	1.0
SRR1039508	MYH11	PTRF	1.0
SRR1039508	SLC29A4	PIGP	1.0
SRR1039508	CD46	PDLIM5	1.0
SRR1039508	TRPV1	BRI3	1.0
SRR1039508	MBNL1	ERCC1	1.0
SRR1039508	EEF1D	SF3B3	1.0
SRR1039508	MYH11	NMNAT1	1.0
SRR1039508	GLUL	ZNF665	1.0
SRR1039508	MT2A	MT1L	1.0
SRR1039508	METTL7A	MRPL42	1.0
SRR1039508	APCDD1	AFMID	1.0
SRR1039508	ALDH6A1	RPS6KA6	1.0
SRR1039508	BMPR1A	DDX19A	1.0
SRR1039508	MYH11	MPDU1	1.0
SRR1039508	ALDH6A1	VPS41	1.0
SRR1039508	MGLL	GLG1	1.0
SRR1039508	MYH11	HINFP	1.0
SRR1039508	CLINT1	MAFF	1.0
SRR1039508	PIGM	COA7	1.0
SRR1039508	TAPBP	FANCC	1.0
SRR1039508	COL6A3	SH3GLB1	1.0
SRR1039508	TAPBP	CA12	1.0
SRR1039508	ALDH6A1	TPT1-AS1	1.0
SRR1039508	COQ7	CMBL	1.0
SRR1039508	LHFPL2	LRRC47	1.0
SRR1039508	CD82	ALDOA	1.0
SRR1039508	EIF3I	SRGAP2B	1.0
SRR1039508	EEF1A1	EEF1A1P11	1.0
SRR1039508	DHRSX	UBXN7	1.0
SRR1039508	EEF1A1	EEF1A1P6	1.0
SRR1039508	MOB1A	MEGF8	1.0
SRR1039508	SYNPO2	CCBE1	1.0
SRR1039508	GREM1	SPATS2L	1.0
SRR1039508	ALDH6A1	IVD	1.0
SRR1039508	RSF1	H6PD	1.0
SRR1039508	DCAF17	CHMP1B	1.0
SRR1039508	ZZZ3	SMC5	1.0
SRR1039508	TBP	SMARCA2	1.0
SRR1039508	ICAM1	ASB6	1.0
SRR1039508	CCDC80	ITPK1	1.0
SRR1039508	TAPBP	PAXIP1-AS1	1.0
SRR1039508	LHFPL2	GALNT15	1.0
SRR1039508	CRISPLD2	FCF1	1.0
SRR1039508	SAFB2	TIGAR	1.0
SRR1039508	CCDC69	METTL9	1.0
SRR1039508	ASH2L	RNF217	1.0
SRR1039508	SAFB2	IRGQ	1.0
SRR1039508	STEAP2	FOPNL	1.0
SRR1039508	PUS7L	GNS	1.0
SRR1039508	ZBTB16	NDUFC2	1.0
SRR1039508	SLC29A4	ZNF576	1.0
SRR1039508	CCDC80	JADE1	1.0
SRR1039508	MGLL	KDELC2	1.0
SRR1039508	HSPA2	POGZ	1.0
SRR1039508	C2orf49	DGKA	1.0
SRR1039508	SLC29A4	RPL14	1.0
SRR1039508	ABI2	ARHGAP1	1.0
SRR1039508	ERGIC1	ARHGAP1	1.0
SRR1039508	SYNPO2	MAPKAPK5	1.0
SRR1039508	LHFPL2	OPA3	1.0
SRR1039508	ATP5J2	GXYLT2	1.0
SRR1039508	SAFB2	ITIH5	1.0
SRR1039508	NFKB2	DNAJC14	1.0
SRR1039508	MRPL34	ABHD8	1.0
SRR1039508	APCDD1	ZSCAN2	1.0
SRR1039508	ABI2	RAPH1	1.0
SRR1039508	ZNF627	ZNF563	1.0
SRR1039508	SLC30A9	KIDINS220	1.0
SRR1039508	MGLL	ZNF766	1.0
SRR1039508	HDAC6	SPATS2	1.0
SRR1039508	FKBP5	DSEL	1.0
SRR1039508	ALDH6A1	PTGIS	1.0
SRR1039508	SAFB2	SOD2	1.0
SRR1039508	COQ7	ZNF106	1.0
SRR1039508	SAFB2	CYB5R3	1.0
SRR1039508	GAPDH	GAPDHP40	1.0
SRR1039508	ABI2	SNHG3	1.0
SRR1039508	DZIP1	CD44	1.0
SRR1039508	CD82	FKRP	1.0
SRR1039508	TRPV1	SPTLC3	1.0
SRR1039508	METTL7A	DPP8	1.0
SRR1039508	COL6A3	AXL	1.0
SRR1039508	SLC29A4	COL8A1	1.0
SRR1039508	THBS1	CRCP	1.0
SRR1039508	CLINT1	MR1	1.0
SRR1039508	STEAP2	FAM98C	1.0
SRR1039508	CLINT1	TRIP11	1.0
SRR1039508	ICAM1	MAVS	1.0
SRR1039508	ASH2L	PTRF	1.0
SRR1039508	SEC23A	TRIM22	1.0
SRR1039508	CCDC69	HERPUD2	1.0
SRR1039508	ABI2	BLOC1S6	1.0
SRR1039508	CD82	MAPK1IP1L	1.0
SRR1039508	TAPBP	UBXN7	1.0
SRR1039508	RCAN1	MIR34AHG	1.0
SRR1039508	COL6A3	DSEL	1.0
SRR1039508	TAPBP	YES1	1.0
SRR1039508	CD82	ATP5D	1.0
SRR1039508	HDAC6	DPY19L4	1.0
SRR1039508	ALDH6A1	BAIAP2L1	1.0
SRR1039508	GREM1	HECA	1.0
SRR1039508	ALDH6A1	PGM2L1	1.0
SRR1039508	C2orf49	GABPB1-AS1	1.0
SRR1039508	TAPBP	PCYOX1	1.0
SRR1039508	PUS7L	CFLAR	1.0
SRR1039508	MYH11	TCTA	1.0
SRR1039508	COL1A2	IL10RB	1.0
SRR1039508	CRISPLD2	ZNF665	1.0
SRR1039508	MYH11	PTGIS	1.0
SRR1039508	HDAC6	TSR1	1.0
SRR1039508	METTL7A	TROVE2	1.0
SRR1039508	ALDH6A1	ZDHHC20	1.0
SRR1039508	RSF1	ZKSCAN3	1.0
SRR1039508	APCDD1	GPR137C	1.0
SRR1039508	ICAM1	GABPB1-AS1	1.0
SRR1039508	PPIA	TOR1AIP1	1.0
SRR1039508	CENPO	PTRHD1	1.0
SRR1039508	CD82	VKORC1L1	1.0
SRR1039508	CRISPLD2	VHL	1.0
SRR1039508	RCAN1	TRAM2	1.0
SRR1039508	NFKB2	TRAM2	1.0
SRR1039508	ZBTB16	RP11-259K5.2	1.0
SRR1039508	ALDH6A1	SOD2	1.0
SRR1039508	COL6A3	LCAT	1.0
SRR1039508	GRK4	SGCB	1.0
SRR1039508	ABI2	WWTR1	1.0
SRR1039508	MGLL	GNPNAT1	1.0
SRR1039508	LRP1	ARHGAP45	1.0
SRR1039508	PANK2	FER1L4	1.0
SRR1039508	USP53	STK4	1.0
SRR1039508	TBCCD1	ZKSCAN1	1.0
SRR1039508	FKBP5	FCHO1	1.0
SRR1039508	IPO8	MDM2	1.0
SRR1039508	HSPA2	RAB29	1.0
SRR1039508	BMPR1A	MLLT6	1.0
SRR1039508	BRIX1	NEK9	1.0
SRR1039508	BRIX1	SEC24C	1.0
SRR1039508	NEXN	GNS	1.0
SRR1039508	SEC23A	SPCS3	1.0
SRR1039508	CD82	HNRNPA3	1.0
SRR1039508	MICU2	CASP6	1.0
SRR1039508	DIEXF	RP11-494O16.4	1.0
SRR1039508	MOB1A	KIAA0319L	1.0
SRR1039508	DCAF17	SLC35C2	1.0
SRR1039508	ALDH6A1	SNAPC3	1.0
SRR1039508	HSPA2	LRRN4CL	1.0
SRR1039508	DIEXF	CA12	1.0
SRR1039508	GUSB	RP11-540A21.2	1.0
SRR1039508	BRIX1	CC2D2A	1.0
SRR1039508	ICAM1	ARIH1	1.0
SRR1039508	FTH1	FTH1P20	1.0
SRR1039508	MICU2	BRI3	1.0
SRR1039508	LHFPL2	TRIM56	1.0
SRR1039508	MID1IP1	ANAPC1	1.0
SRR1039508	CCDC69	TRIOBP	1.0
SRR1039508	MYH11	STAT6	1.0
SRR1039508	NFKB2	SLC7A11	1.0
SRR1039508	ABI2	NATD1	1.0
SRR1039508	TNC	BSDC1	1.0
SRR1039508	COL6A3	REEP3	1.0
SRR1039508	MYH11	CYB561D1	1.0
SRR1039508	COL1A1	DHRS4	1.0
SRR1039508	RSF1	PPP2R1B	1.0
SRR1039508	PUS7L	TRAPPC2	1.0
SRR1039508	COQ7	SRGAP1	1.0
SRR1039509	PUS7L	WDR83OS	1.0
SRR1039509	TAPBP	YIPF5	1.0
SRR1039509	TPM1	LRP10	1.0
SRR1039509	ALDH6A1	ACIN1	1.0
SRR1039509	MYH11	TRAPPC2	1.0
SRR1039508	TRPV1	C9orf78	1.0
SRR1039508	BMPR1A	PLCXD1	1.0
SRR1039508	ABI2	UPF3A	1.0
SRR1039508	ERGIC1	SLC35E3	1.0
SRR1039508	TAPBP	GCLM	1.0
SRR1039508	SEC23A	ARID3A	1.0
SRR1039508	ALDH6A1	C10orf82	1.0
SRR1039508	SYNPO2	ICA1L	1.0
SRR1039508	CCDC80	ALDH2	1.0
SRR1039508	MOSPD2	CD27-AS1	1.0
SRR1039508	EIF3I	PCAT29	1.0
SRR1039508	CLDN11	ERVK13-1	1.0
SRR1039508	COL6A3	ARMC9	1.0
SRR1039508	NFKB2	TOR4A	1.0
SRR1039508	MGLL	TRIM13	1.0
SRR1039508	TAPBP	GOLGA8B	1.0
SRR1039508	ALDH6A1	FLCN	1.0
SRR1039508	SYNPO2	CCDC113	1.0
SRR1039508	PPIA	NKIRAS2	1.0
SRR1039508	METTL7A	RPL37	1.0
SRR1039508	SAFB2	PKD1L2	1.0
SRR1039508	CCDC69	HINT3	1.0
SRR1039508	GREM1	CLK3	1.0
SRR1039508	APCDD1	ISG20L2	1.0
SRR1039508	ZNF627	OLFML1	1.0
SRR1039508	COL6A3	TMPO	1.0
SRR1039508	CD82	ENTPD4	1.0
SRR1039508	ZZZ3	CACTIN	1.0
SRR1039508	RFX1	RASA4	1.0
SRR1039508	MIS12	MAU2	1.0
SRR1039508	COQ7	RP11-1246C19.1	1.0
SRR1039508	FTL	C6orf106	1.0
SRR1039508	TPM1	RABEPK	1.0
SRR1039508	CCDC80	ARSG	1.0
SRR1039508	ALDH6A1	SHPK	1.0
SRR1039508	ZBTB16	RP11-455F5.6	1.0
SRR1039508	FRMD6	HERC2P9	1.0
SRR1039508	APCDD1	RP11-44N22.3	1.0
SRR1039508	SAFB2	MRPS33	1.0
SRR1039508	FTH1	FTH1P16	1.0
SRR1039508	METTL7A	ARHGAP1	1.0
SRR1039508	CRISPLD2	HARS	1.0
SRR1039508	SEC23A	ZNF517	1.0
SRR1039508	MLPH	C6orf89	1.0
SRR1039508	PPIA	EHD2	1.0
SRR1039508	DZIP1	KATNAL1	1.0
SRR1039508	TBCCD1	NXN	1.0
SRR1039508	COL1A2	ATP6V1A	1.0
SRR1039509	SLC29A4	CBX5	1.0
SRR1039509	CCDC80	RNF115	1.0
SRR1039509	C2orf49	ASB6	1.0
SRR1039509	MOB1A	RP11-352G18.2	1.0
SRR1039509	COL1A2	CTA-228A9.4	1.0
SRR1039509	PUS7L	TXNDC15	1.0
SRR1039509	THBS1	CTD-2033D15.3	1.0
SRR1039509	FN1	ZNF37BP	1.0
SRR1039509	COL6A3	CTSB	1.0
SRR1039509	MGLL	GUF1	1.0
SRR1039509	EEF1D	POLR2E	1.0
SRR1039509	NFKB2	NUDT4	1.0
SRR1039509	COL6A3	CCDC50	1.0
SRR1039509	CRISPLD2	RP11-416L21.2	1.0
SRR1039509	LCMT2	MOB3A	1.0
SRR1039509	CD46	VPS33A	1.0
SRR1039509	FKBP5	FNBP1	1.0
SRR1039509	ZNF627	SEC22B	1.0
SRR1039509	STEAP2	EXOSC6	1.0
SRR1039509	SAMHD1	POLR1E	1.0
SRR1039509	ZBTB16	FBXL18	1.0
SRR1039509	TRPV1	PTGIS	1.0
SRR1039509	DIEXF	GNS	1.0
SRR1039509	MAFG	MAFK	1.0
SRR1039509	MGLL	MTDH	1.0
SRR1039509	COL6A3	PPP1CB	1.0
SRR1039509	CLDN11	C8orf33	1.0
SRR1039509	DCN	TCF20	1.0
SRR1039509	BMPR1A	ARMC10	1.0
SRR1039509	ADRB2	CTD-2002H8.2	1.0
SRR1039509	COL6A3	PRKCA	1.0
SRR1039509	TRPV1	ATP6V1A	1.0
SRR1039509	PUS7L	SYNJ2BP	1.0
SRR1039509	SEC23A	UFM1	1.0
SRR1039509	CELF1	PHLDA3	1.0
SRR1039509	SAMHD1	TMEM127	1.0
SRR1039509	COL6A3	LCAT	1.0
SRR1039509	DCAF17	NIPAL2	1.0
SRR1039509	CD46	MRPL49	1.0
SRR1039509	TAPBP	ZHX3	1.0
SRR1039509	ALDH6A1	BBOF1	1.0
SRR1039509	STEAP2	POLR2J3	1.0
SRR1039509	MID1IP1	WDR82	1.0
SRR1039509	TAPBP	NF2	1.0
SRR1039509	LHFPL2	CIPC	1.0
SRR1039509	SLC29A4	USP13	1.0
SRR1039509	ALDH6A1	CPSF2	1.0
SRR1039509	C2orf49	CPSF2	1.0
SRR1039509	ABI2	ZSWIM8	1.0
SRR1039509	STEAP2	SLC35F6	1.0
SRR1039509	QSOX1	ZNF778	1.0
SRR1039509	AQR	RPL7L1	1.0
SRR1039509	FKBP5	SS18	1.0
SRR1039509	EIF3I	FITM2	1.0
SRR1039509	MGLL	FITM2	1.0
SRR1039509	GLUL	C11orf95	1.0
SRR1039509	BMPR1A	ZNFX1	1.0
SRR1039509	MOB1A	KCTD10	1.0
SRR1039509	BMPR1A	UBA52	1.0
SRR1039509	SVEP1	PEX26	1.0
SRR1039509	TAGLN	PFDN6	1.0
SRR1039509	ALDH6A1	ROCK2	1.0
SRR1039509	ALDH6A1	BAG5	1.0
SRR1039509	USP53	NLN	1.0
SRR1039509	ABI2	WWTR1	1.0
SRR1039509	TRPV1	C6orf141	1.0
SRR1039509	MT2A	MT1L	1.0
SRR1039509	MGLL	INPP5B	1.0
SRR1039509	QSOX1	AAED1	1.0
SRR1039509	SAFB2	PDLIM5	1.0
SRR1039509	COL6A3	TAF13	1.0
SRR1039509	SLC29A4	RNASEH2B	1.0
SRR1039509	C2orf49	ATL3	1.0
SRR1039509	MOB1A	S1PR2	1.0
SRR1039509	COQ7	AC007386.2	1.0
SRR1039509	MGLL	ARPP19	1.0
SRR1039508	LGALS3	GUCD1	1.0
SRR1039508	C2orf49	LRRN4CL	1.0
SRR1039508	CCDC80	NSD3	1.0
SRR1039508	BMPR1A	STAT2	1.0
SRR1039508	SEC23A	RASSF2	1.0
SRR1039508	TAPBP	SMAD5	1.0
SRR1039508	ALMS1	CES2	1.0
SRR1039508	COL6A3	LPAR1	1.0
SRR1039508	DZIP1	CLN5	1.0
SRR1039508	THBS1	PFKFB2	1.0
SRR1039508	HDAC6	TRIOBP	1.0
SRR1039508	SGK1	PFDN5	1.0
SRR1039508	COQ7	ATL3	1.0
SRR1039508	COL6A3	BCDIN3D-AS1	1.0
SRR1039508	SEC23A	VMA21	1.0
SRR1039508	CRISPLD2	RILPL2	1.0
SRR1039508	CD46	APOL6	1.0
SRR1039508	SLC12A8	NF2	1.0
SRR1039508	ALDH6A1	HCG11	1.0
SRR1039508	ABI2	TES	1.0
SRR1039508	SLC12A8	NAA30	1.0
SRR1039508	COL6A3	RAD1	1.0
SRR1039508	DCAF17	ZHX3	1.0
SRR1039508	CCDC69	ANKDD1A	1.0
SRR1039508	ALDH6A1	METTL2B	1.0
SRR1039508	LCMT2	Metazoa_SRP	1.0
SRR1039508	ACTA2	ABCA9	1.0
SRR1039508	HSPA2	TADA2A	1.0
SRR1039508	CLDN11	BAX	1.0
SRR1039508	TAPBP	PKD1P6	1.0
SRR1039508	TNFRSF11B	MFSD13A	1.0
SRR1039508	GREM1	SPOP	1.0
SRR1039508	FLNB	AC005154.6	1.0
SRR1039508	MOB1A	AHR	1.0
SRR1039508	BMPR1A	LRRC75A-AS1	1.0
SRR1039508	STEAP2	RNF24	1.0
SRR1039508	MGLL	PHAX	1.0
SRR1039508	ADAMTS1	DBT	1.0
SRR1039508	CCDC69	COL8A1	1.0
SRR1039508	ZBTB16	MAPKAPK5	1.0
SRR1039508	RP11-1212A22.4	NPIPA8	1.0
SRR1039508	QSOX1	ZNF770	1.0
SRR1039508	DIEXF	RP11-632K20.7	1.0
SRR1039508	FKBP5	MOAP1	1.0
SRR1039508	ZBTB16	ITIH5	1.0
SRR1039508	DIEXF	MYO10	1.0
SRR1039508	GRK4	IFT80	1.0
SRR1039508	COL1A1	KIAA0907	1.0
SRR1039508	CRISPLD2	KIF1B	1.0
SRR1039508	CD46	SYAP1	1.0
SRR1039508	CCDC80	TTPAL	1.0
SRR1039508	ALDH6A1	BBOF1	1.0
SRR1039508	TBP	MED12	1.0
SRR1039508	ALMS1	RP11-1348G14.4	1.0
SRR1039508	FN1	MRPS10	1.0
SRR1039508	ALDH6A1	NAA16	1.0
SRR1039508	SLC29A4	NDRG3	1.0
SRR1039508	SYNPO2	LNX2	1.0
SRR1039508	RSF1	KATNAL1	1.0
SRR1039508	CCDC69	CLCN3	1.0
SRR1039508	BMPR1A	KIAA1143	1.0
SRR1039508	ALDH6A1	HKR1	1.0
SRR1039508	MYH11	RBSN	1.0
SRR1039508	MYH11	AF001548.5	1.0
SRR1039508	SAFB2	C12orf65	1.0
SRR1039508	BMPR1A	FNTA	1.0
SRR1039508	MGLL	MANSC1	1.0
SRR1039508	TAPBP	UBE2G2	1.0
SRR1039508	ALDH6A1	ENOSF1	1.0
SRR1039508	DZIP1	ZNF426	1.0
SRR1039508	CELF1	ANAPC16	1.0
SRR1039508	ADRB2	GPNMB	1.0
SRR1039508	TAPBP	GLB1L	1.0
SRR1039508	TPM1	RP11-244F12.3	1.0
SRR1039508	ABI2	PCBD2	1.0
SRR1039508	BMPR1A	TOR4A	1.0
SRR1039508	RANBP1	TRMT2A	1.0
SRR1039508	SLC29A4	DBT	1.0
SRR1039508	TRPV1	HP1BP3	1.0
SRR1039508	TPT1	GATAD1	1.0
SRR1039508	TPM1	OSMR	1.0
SRR1039508	COL6A3	TERF1	1.0
SRR1039508	COL6A3	MAPK1IP1L	1.0
SRR1039508	GREM1	VDR	1.0
SRR1039508	COL1A1	SLC25A32	1.0
SRR1039508	GUSB	USP14	1.0
SRR1039508	C7	MRPS27	1.0
SRR1039508	MOB1A	USP6NL	1.0
SRR1039508	CD46	TRAPPC4	1.0
SRR1039508	ZBTB16	PTGR1	1.0
SRR1039508	FTH1	KDM1A	1.0
SRR1039508	ALDH6A1	OPA3	1.0
SRR1039508	COL6A3	TPMT	1.0
SRR1039508	RCAN1	DDOST	1.0
SRR1039508	SAFB2	CRCP	1.0
SRR1039508	CCDC80	CLPX	1.0
SRR1039508	CD46	COPS5	1.0
SRR1039508	HDAC6	TOR1AIP2	1.0
SRR1039508	COL1A2	ARL15	1.0
SRR1039508	TBCCD1	NFYB	1.0
SRR1039508	CD46	XPOT	1.0
SRR1039508	TBCCD1	CHSY1	1.0
SRR1039508	TPM1	ZNFX1	1.0
SRR1039508	BTBD6	BRF1	1.0
SRR1039508	PUS7L	RASSF2	1.0
SRR1039508	TRPV1	FHDC1	1.0
SRR1039508	COL6A3	VPS4B	1.0
SRR1039508	ALDH6A1	IFNAR1	1.0
SRR1039508	MOB1A	RNF141	1.0
SRR1039508	EEF1A1	EEF1A1P7	1.0
SRR1039508	MOSPD2	C4orf36	1.0
SRR1039508	BMPR1A	AK3	1.0
SRR1039508	ABI2	GNB4	1.0
SRR1039508	FN1	ELP3	1.0
SRR1039508	COQ7	ST3GAL5	1.0
SRR1039508	DIEXF	MCM3AP	1.0
SRR1039508	SVEP1	SNTB2	1.0
SRR1039508	C2orf49	CPSF2	1.0
SRR1039508	DIEXF	GATAD1	1.0
SRR1039508	FN1	DHFR	1.0
SRR1039508	GREM1	DNAJC18	1.0
SRR1039508	SLC29A4	TRIM22	1.0
SRR1039508	DZIP1	RP11-521B24.3	1.0
SRR1039508	PPIA	CBX5	1.0
SRR1039508	TRPV1	PGPEP1	1.0
SRR1039508	NFKB2	TM2D2	1.0
SRR1039508	ADAMTS1	CCDC90B	1.0
SRR1039508	C2orf49	GPR82	1.0
SRR1039508	GREM1	PPP1CB	1.0
SRR1039508	ALDH6A1	NOP14	1.0
SRR1039508	COX16	DCUN1D2	1.0
SRR1039508	TBP	MN1	1.0
SRR1039508	ABI2	PTGIS	1.0
SRR1039508	COL6A3	SSBP2	1.0
SRR1039508	CD46	TRIM45	1.0
SRR1039508	CCDC69	ACAD8	1.0
SRR1039508	MMP2	KANK2	1.0
SRR1039508	ALDH6A1	RAB29	1.0
SRR1039508	TBCCD1	ESYT2	1.0
SRR1039508	RPLP0	MTG2	1.0
SRR1039508	CCDC69	PLEKHA1	1.0
SRR1039508	SAFB2	ZBTB37	1.0
SRR1039508	TPM1	WSB1	1.0
SRR1039508	FTH1	AKAP12	1.0
SRR1039508	GRK4	DHTKD1	1.0
SRR1039508	BMPR1A	RBSN	1.0
SRR1039508	MBNL1	RNF157	1.0
SRR1039508	DCAF17	PRKAA1	1.0
SRR1039508	APCDD1	GANAB	1.0
SRR1039508	BMPR1A	PCYT1A	1.0
SRR1039508	LGALS3	NASP	1.0
SRR1039508	LCMT2	ZDHHC20	1.0
SRR1039508	QSOX1	KIF3B	1.0
SRR1039509	SYNPO2	NDUFB1	1.0
