sample	input	filtered	asvs_R1	asvs_R2	merged	nonchim
F3D0	1500	1363	69	59	1178	1178
F3D1	1500	1354	65	60	1236	1236
F3D2	1500	1387	55	49	1217	1217
F3D3	1500	1392	42	30	1254	1204
F3D5	1500	1364	64	57	1197	1197
F3D6	1500	1390	61	48	1209	1209
F3D7	1500	1398	50	42	1281	1245
F3D8	1500	1378	68	56	1239	1239
F3D9	1500	1396	76	63	1216	1216
F3D141	1500	1363	50	43	1240	1240
F3D142	1500	1373	45	39	1167	1167
F3D143	1500	1385	52	45	1211	1211
F3D144	1500	1346	36	35	1186	1182
F3D145	1500	1357	45	36	1117	1110
F3D146	1500	1366	62	54	1130	1125
F3D147	1500	1372	42	36	1197	1188
F3D148	1500	1375	46	42	1170	1170
F3D149	1500	1381	64	51	1174	1174
F3D150	1500	1360	56	49	1130	1130
Mock	1500	1348	19	19	1341	1341
