asv_id	F3D0	F3D1	F3D2	F3D3	F3D5	F3D6	F3D7	F3D8	F3D9	F3D141	F3D142	F3D143	F3D144	F3D145	F3D146	F3D147	F3D148	F3D149	F3D150	Mock
ASV001	109	117	292	253	125	190	200	92	111	121	151	111	128	171	109	147	107	91	94	0
ASV002	79	95	131	131	74	124	135	97	91	98	134	80	96	112	67	114	95	85	62	0
ASV003	86	58	107	106	94	116	122	106	100	91	91	118	93	98	80	100	84	72	98	0
ASV004	92	17	44	41	41	69	100	37	40	136	84	101	122	118	116	99	126	117	134	0
ASV005	31	36	28	99	54	99	135	166	140	60	89	62	45	80	60	62	62	55	49	0
ASV006	78	27	35	52	62	58	60	37	64	83	83	90	99	79	85	75	111	90	76	0
ASV007	83	0	21	8	10	0	5	0	0	96	99	123	141	87	83	99	103	78	91	0
ASV008	30	35	74	93	79	54	81	93	99	84	36	54	14	35	24	9	77	74	31	0
ASV009	9	19	45	61	47	41	51	33	35	40	41	52	58	0	38	75	51	53	70	0
ASV010	35	29	43	69	60	51	67	52	40	40	30	33	57	47	28	19	22	34	48	0
ASV011	5	23	8	30	13	14	6	4	7	43	20	46	89	61	51	30	42	57	15	35
ASV012	46	0	0	0	0	0	0	0	0	39	47	50	51	53	49	59	42	0	0	0
ASV013	12	31	19	18	8	82	42	39	47	0	52	21	5	0	0	13	0	15	17	0
ASV014	19	0	0	7	10	0	0	0	0	23	24	18	43	27	12	31	41	9	15	0
ASV015	15	82	29	8	27	0	15	11	26	13	0	0	0	0	0	0	10	0	0	0
ASV016	9	11	15	19	14	0	5	8	11	8	13	8	11	25	7	19	14	16	12	0
ASV017	16	39	39	77	5	14	8	7	4	2	0	0	0	0	0	0	7	0	0	0
ASV018	11	0	0	0	0	0	0	0	0	26	22	28	0	0	30	13	14	32	37	0
ASV019	0	0	0	0	0	21	24	19	0	0	27	0	0	29	0	29	0	25	0	0
ASV020	0	0	0	0	0	0	0	0	0	0	0	0	0	0	0	0	0	0	0	170
ASV021	8	0	5	8	8	9	22	6	7	11	5	0	3	0	9	10	24	11	18	0
ASV022	21	21	19	23	23	24	0	21	10	0	0	0	0	0	0	0	0	0	0	0
ASV023	6	11	4	27	0	4	11	26	7	12	0	6	13	3	5	12	0	14	0	0
ASV024	12	6	5	0	42	21	8	17	15	5	13	0	6	0	0	9	0	0	0	0
ASV025	23	33	10	0	15	23	10	13	12	0	0	0	0	0	16	3	0	0	0	0
ASV026	47	15	0	15	17	0	0	22	0	16	7	0	6	0	0	0	0	10	0	0
ASV027	0	0	10	13	8	9	0	15	8	7	0	17	0	8	5	20	0	11	20	0
ASV028	6	31	14	0	24	5	4	17	16	10	0	0	0	0	15	0	0	0	9	0
ASV029	0	16	12	0	22	9	0	15	14	0	0	10	13	5	10	0	4	7	11	0
ASV030	0	0	0	0	0	0	0	0	0	0	0	0	0	3	0	0	0	0	0	140
ASV031	7	36	22	0	7	6	0	30	17	0	0	0	0	0	0	0	0	0	0	0
ASV032	0	0	0	0	0	0	27	0	0	33	0	0	0	0	0	64	0	0	0	0
ASV033	0	0	0	0	0	0	0	9	15	12	0	20	24	0	30	11	0	0	0	0
ASV034	0	0	0	0	0	0	0	0	0	0	0	0	0	0	0	0	0	0	0	119
ASV035	0	0	0	0	0	0	0	0	0	0	0	0	0	0	0	0	0	0	0	110
ASV036	0	8	0	0	0	4	0	0	0	16	0	13	5	6	7	4	0	19	28	0
ASV037	0	0	0	0	0	0	0	0	0	0	0	0	0	0	0	0	0	0	0	106
ASV038	0	0	0	0	0	0	0	0	0	0	0	0	0	0	0	0	0	0	0	105
ASV039	6	15	11	0	9	13	12	9	20	0	0	0	0	0	0	0	0	0	0	0
ASV040	0	28	24	0	0	0	0	0	28	0	0	0	0	0	9	0	5	0	0	0
ASV041	0	10	11	0	22	8	13	13	16	0	0	0	0	0	0	0	0	0	0	0
ASV042	0	0	0	0	0	0	0	0	0	0	16	0	8	0	14	14	11	14	16	0
ASV043	15	16	7	0	14	7	0	12	13	0	5	0	0	0	0	0	0	0	0	0
ASV044	0	41	0	0	29	19	0	0	0	0	0	0	0	0	0	0	0	0	0	0
ASV045	0	0	0	0	0	0	0	0	0	0	0	0	0	0	0	0	0	0	0	87
ASV046	16	15	0	0	0	17	0	13	0	0	0	0	23	0	0	0	0	0	0	0
ASV047	0	4	8	15	3	0	7	7	8	0	5	0	3	5	0	10	3	0	4	0
ASV048	0	0	0	0	0	0	0	0	0	0	0	0	0	28	0	0	0	30	24	0
ASV049	0	8	0	0	0	6	0	0	5	6	0	10	0	0	11	0	6	16	10	0
ASV050	0	0	0	0	14	11	16	10	27	0	0	0	0	0	0	0	0	0	0	0
ASV051	0	6	8	0	5	4	0	8	5	0	5	6	0	0	11	6	0	0	12	0
ASV052	0	0	0	0	0	0	0	0	0	0	0	0	0	0	0	0	0	0	0	73
ASV053	14	12	0	0	20	0	0	9	7	0	0	10	0	0	0	0	0	0	0	0
ASV054	0	12	20	0	20	0	0	8	7	0	0	4	0	0	0	0	0	0	0	0
ASV055	0	0	0	0	0	0	0	0	0	3	14	8	5	4	4	11	11	4	7	0
ASV056	0	0	0	0	0	0	0	0	0	0	0	0	0	0	0	0	0	0	0	67
ASV057	0	8	0	0	12	0	0	6	5	0	0	7	3	0	6	9	0	7	0	0
ASV058	0	16	23	0	0	0	0	20	4	0	0	0	0	0	0	0	0	0	0	0
ASV059	0	0	0	0	0	0	0	0	0	11	0	8	0	0	0	0	12	13	19	0
ASV060	9	8	0	0	11	0	0	9	10	15	0	0	0	0	0	0	0	0	0	0
ASV061	14	14	12	0	0	2	7	2	5	0	0	0	0	0	0	4	0	0	0	0
ASV062	5	0	0	0	0	0	0	0	0	7	13	6	11	0	0	0	11	5	0	0
ASV063	0	0	0	0	0	0	0	10	0	11	13	10	0	0	0	0	13	0	0	0
ASV064	7	11	13	6	4	12	3	0	0	0	0	0	0	0	0	0	0	0	0	0
ASV065	13	23	0	0	19	0	0	0	0	0	0	0	0	0	0	0	0	0	0	0
ASV066	0	0	0	0	0	0	0	0	0	0	0	0	0	0	0	0	0	0	0	53
ASV067	0	12	6	0	0	0	0	20	9	0	0	0	0	0	0	0	0	0	5	0
ASV068	0	0	0	0	0	0	0	0	0	0	0	0	0	0	0	0	0	0	0	51
ASV069	22	10	0	0	11	0	0	0	7	0	0	0	0	0	0	0	0	0	0	0
ASV070	0	0	0	13	7	5	3	12	9	0	0	0	0	0	0	0	0	0	0	0
ASV071	0	6	6	0	0	0	0	4	7	5	0	6	0	0	0	0	6	4	5	0
ASV072	0	0	0	0	3	0	0	0	0	0	0	0	0	0	0	0	0	0	0	44
ASV073	10	9	9	0	0	0	0	0	0	8	0	0	0	0	11	0	0	0	0	0
ASV074	0	0	0	0	0	0	0	0	0	0	0	0	0	0	0	0	0	0	0	47
ASV075	14	18	6	0	8	0	0	0	0	0	0	0	0	0	0	0	0	0	0	0
ASV076	9	0	0	0	0	0	0	7	0	12	0	18	0	0	0	0	0	0	0	0
ASV077	0	0	0	0	0	0	0	0	0	0	0	0	0	0	0	0	0	0	0	45
ASV078	0	0	0	0	0	0	0	0	0	9	0	17	0	0	0	0	0	5	13	0
ASV079	0	27	0	0	0	11	0	0	0	0	0	0	0	0	0	0	0	0	0	0
ASV080	0	0	0	0	0	0	0	0	0	0	0	0	0	0	0	0	0	0	0	38
ASV081	0	0	0	0	8	0	0	0	0	0	0	0	0	11	7	0	0	8	4	0
ASV082	0	10	0	0	11	0	7	4	0	0	0	0	0	0	0	5	0	0	0	0
ASV083	13	0	0	0	0	0	0	0	0	0	0	0	0	0	0	0	4	11	9	0
ASV084	0	0	0	0	17	0	0	13	0	0	0	0	0	0	7	0	0	0	0	0
ASV085	0	0	0	0	0	0	0	0	0	0	0	0	0	0	0	0	20	16	0	0
ASV086	9	0	8	0	0	9	5	0	0	0	0	4	0	0	0	0	0	0	0	0
ASV087	20	0	0	0	0	0	0	0	0	14	0	0	0	0	0	0	0	0	0	0
ASV088	0	17	0	0	12	0	0	5	0	0	0	0	0	0	0	0	0	0	0	0
ASV089	0	5	0	0	6	0	0	4	0	0	0	12	0	2	0	0	0	5	0	0
ASV090	22	0	0	0	0	0	0	0	0	0	4	0	0	4	0	0	0	3	0	0
ASV091	5	0	3	4	0	0	5	0	0	5	0	0	0	2	2	3	2	0	0	0
ASV092	0	0	0	0	0	0	0	14	16	0	0	0	0	0	0	0	0	0	0	0
ASV093	6	9	0	0	0	0	0	0	0	0	0	0	0	0	0	0	0	8	5	0
ASV094	0	0	0	0	0	0	0	0	0	0	0	0	0	0	0	0	0	0	0	27
ASV095	0	0	6	0	0	10	0	9	0	0	0	0	0	0	0	0	0	0	0	0
ASV096	0	0	0	0	4	0	0	0	0	0	0	0	0	0	8	0	8	4	0	0
ASV097	0	0	0	0	0	0	0	0	0	4	0	5	0	0	15	0	0	0	0	0
ASV098	0	0	0	0	0	0	0	0	0	0	3	4	0	0	9	0	0	6	0	0
ASV099	0	9	0	0	0	0	0	0	0	0	0	0	0	0	0	0	0	6	7	0
ASV100	0	22	0	0	0	0	0	0	0	0	0	0	0	0	0	0	0	0	0	0
ASV101	0	0	0	0	0	0	0	0	0	0	0	7	0	0	0	0	0	7	7	0
ASV102	0	0	0	0	0	0	0	0	0	0	10	0	0	0	11	0	0	0	0	0
ASV103	0	0	0	0	0	3	5	7	4	0	0	0	0	0	0	0	0	0	0	0
ASV104	0	0	0	0	0	0	0	0	0	0	0	0	0	0	0	0	0	0	0	18
ASV105	0	0	0	0	0	0	0	0	0	0	0	0	0	0	0	0	0	7	11	0
ASV106	18	0	0	0	0	0	0	0	0	0	0	0	0	0	0	0	0	0	0	0
ASV107	0	0	0	0	18	0	0	0	0	0	0	0	0	0	0	0	0	0	0	0
ASV108	0	0	0	0	0	0	10	0	8	0	0	0	0	0	0	0	0	0	0	0
ASV109	0	0	0	0	0	0	0	5	0	0	5	0	7	0	0	0	0	0	0	0
ASV110	0	0	0	0	0	5	0	0	0	0	0	0	0	0	12	0	0	0	0	0
ASV111	0	17	0	0	0	0	0	0	0	0	0	0	0	0	0	0	0	0	0	0
ASV112	0	0	0	0	0	0	0	0	3	0	0	0	0	0	0	0	0	0	13	0
ASV113	0	0	0	0	0	0	0	0	0	0	0	0	0	0	0	0	8	7	0	0
ASV114	2	5	0	0	0	0	0	3	3	0	0	0	0	0	2	0	0	0	0	0
ASV115	0	0	0	0	7	0	0	0	0	0	0	0	0	0	7	0	0	0	0	0
ASV116	0	0	0	0	0	0	0	0	0	0	0	0	0	0	0	0	7	0	7	0
ASV117	0	0	0	0	0	0	0	0	13	0	0	0	0	0	0	0	0	0	0	0
ASV118	0	0	0	6	0	0	0	0	0	0	0	0	0	0	0	0	7	0	0	0
ASV119	0	0	0	0	0	0	0	0	0	5	0	0	0	0	8	0	0	0	0	0
ASV120	0	0	0	0	5	7	0	0	0	0	0	0	0	0	0	0	0	0	0	0
ASV121	0	0	0	0	0	8	0	4	0	0	0	0	0	0	0	0	0	0	0	0
ASV122	11	0	0	0	0	0	0	0	0	0	0	0	0	0	0	0	0	0	0	0
ASV123	0	0	0	2	0	0	5	0	4	0	0	0	0	0	0	0	0	0	0	0
ASV124	0	0	0	0	0	0	0	0	0	0	0	0	0	0	11	0	0	0	0	0
ASV125	0	0	0	0	0	0	0	0	0	0	0	8	0	2	0	0	0	0	0	0
ASV126	10	0	0	0	0	0	0	0	0	0	0	0	0	0	0	0	0	0	0	0
ASV127	0	10	0	0	0	0	0	0	0	0	0	0	0	0	0	0	0	0	0	0
ASV128	0	0	0	0	0	0	0	0	0	0	0	0	0	3	3	0	0	4	0	0
ASV129	0	0	0	0	0	0	0	0	0	0	0	0	0	0	0	0	0	0	10	0
ASV130	0	0	0	0	0	0	0	0	0	0	4	0	0	0	6	0	0	0	0	0
ASV131	0	0	0	0	9	0	0	0	0	0	0	0	0	0	0	0	0	0	0	0
ASV132	0	0	0	0	0	0	0	0	0	0	0	0	0	0	9	0	0	0	0	0
ASV133	8	0	0	0	0	0	0	0	0	0	0	0	0	0	0	0	0	0	0	0
ASV134	0	0	0	0	0	0	0	0	7	0	0	0	0	0	0	0	0	0	0	0
ASV135	0	0	0	0	0	0	0	0	0	0	0	0	0	0	0	0	0	0	7	0
ASV136	0	0	0	0	0	0	7	0	0	0	0	0	0	0	0	0	0	0	0	0
ASV137	0	0	0	0	0	0	0	0	0	0	0	0	0	0	6	0	0	0	0	0
ASV138	0	3	0	0	0	0	0	0	3	0	0	0	0	0	0	0	0	0	0	0
ASV139	0	0	0	0	0	0	0	0	0	0	0	0	0	0	0	0	0	0	0	6
ASV140	0	0	0	0	0	0	0	0	6	0	0	0	0	0	0	0	0	0	0	0
ASV141	0	0	0	0	0	5	0	0	0	0	0	0	0	0	0	0	0	0	0	0
ASV142	0	0	0	0	0	0	0	0	5	0	0	0	0	0	0	0	0	0	0	0
ASV143	0	0	0	0	0	0	0	0	5	0	0	0	0	0	0	0	0	0	0	0
ASV144	0	0	0	0	0	0	0	0	0	0	0	0	0	0	0	0	0	5	0	0
ASV145	0	0	5	0	0	0	0	0	0	0	0	0	0	0	0	0	0	0	0	0
ASV146	0	4	0	0	0	0	0	0	0	0	0	0	0	0	0	0	0	0	0	0
ASV147	0	0	0	0	0	0	0	0	0	0	0	0	0	0	0	0	0	4	0	0
ASV148	0	0	0	0	0	0	0	0	4	0	0	0	0	0	0	0	0	0	0	0
ASV149	0	0	0	0	0	0	0	0	4	0	0	0	0	0	0	0	0	0	0	0
ASV150	0	0	0	0	0	0	0	0	0	0	2	0	0	2	0	0	0	0	0	0
ASV151	3	0	0	0	0	0	0	0	0	0	0	0	0	0	0	0	0	0	0	0
ASV152	0	0	0	0	0	0	0	0	3	0	0	0	0	0	0	0	0	0	0	0
ASV153	0	0	0	0	0	0	2	0	0	0	0	0	0	0	0	0	0	0	0	0
ASV154	2	0	0	0	0	0	0	0	0	0	0	0	0	0	0	0	0	0	0	0
