sample	mouse	day_post_weaning	period	reads_raw	reads_filtered	unique_seqs	reads_in_table
F3D0	F3	0	early	7793	7438	1259	6268
F3D1	F3	1	early	5869	5557	1079	4562
F3D2	F3	2	early	19620	18770	2333	16100
F3D3	F3	3	early	6758	6453	949	5524
F3D5	F3	5	early	4448	4237	792	3585
F3D6	F3	6	early	7989	7656	1193	6551
F3D7	F3	7	early	5129	4897	797	4202
F3D8	F3	8	early	5294	5040	920	4260
F3D9	F3	9	early	7070	6780	1105	5773
F3D141	F3	141	late	5958	5679	944	4890
F3D142	F3	142	late	3183	3041	603	2567
F3D143	F3	143	late	3178	3045	593	2589
F3D144	F3	144	late	4827	4546	815	3834
F3D145	F3	145	late	7377	7057	1141	5980
F3D146	F3	146	late	5021	4782	903	4040
F3D147	F3	147	late	17070	16323	2200	13899
F3D148	F3	148	late	12405	11841	1700	10130
F3D149	F3	149	late	13083	12473	1765	10693
F3D150	F3	150	late	5509	5216	995	4398
