rmsd	score
8.173	-4.320
10.428	-4.250
6.139	-4.140
3.602	-5.482
6.827	-4.346
6.098	-4.233
2.753	-6.457
8.174	-4.060
8.851	-3.947
3.389	-6.887
2.215	-7.226
7.102	-4.722
5.671	-4.140
8.780	-4.793
9.006	-5.295
0.526	-9.249
2.763	-6.099
10.438	-4.392
8.166	-5.031
9.544	-4.402
9.008	-4.807
7.250	-4.171
4.085	-6.362
3.643	-6.055
7.564	-4.145
7.529	-5.105
11.047	-4.965
7.620	-4.911
6.929	-3.843
0.497	-8.293
8.025	-3.934
10.583	-5.020
7.793	-4.841
6.380	-4.571
4.258	-5.402
11.927	-4.759
3.736	-6.979
9.440	-4.296
6.085	-4.601
6.935	-4.597
0.595	-9.246
9.712	-5.351
5.546	-5.465
11.274	-5.062
11.492	-3.922
10.856	-5.120
8.319	-4.874
2.372	-7.177
2.630	-7.346
4.712	-4.849
2.349	-6.503
11.390	-4.890
5.474	-5.160
8.567	-5.866
2.193	-5.848
7.011	-5.429
1.408	-8.446
3.268	-6.594
9.841	-4.458
5.346	-5.203
9.781	-4.219
6.366	-4.595
6.133	-4.997
5.618	-4.576
4.675	-6.410
6.614	-4.673
3.656	-5.564
10.133	-4.374
3.107	-6.192
8.829	-4.945
4.668	-5.744
6.669	-5.851
2.032	-7.116
11.148	-3.932
4.198	-4.795
11.545	-4.768
2.227	-6.985
4.092	-5.910
7.639	-4.860
6.830	-4.897
10.320	-4.299
1.097	-6.954
5.454	-6.291
6.683	-5.507
6.495	-5.218
6.834	-4.932
4.946	-5.111
11.849	-3.527
2.547	-6.967
3.990	-5.322
5.578	-5.197
11.543	-4.471
3.223	-5.874
2.973	-5.712
6.552	-4.871
6.505	-5.550
5.905	-4.810
6.450	-4.691
9.515	-5.448
9.551	-4.358
10.557	-4.582
4.634	-5.515
8.178	-4.665
7.522	-3.841
2.844	-7.166
6.175	-4.911
5.320	-6.237
11.693	-4.488
7.208	-4.332
9.824	-5.572
5.669	-4.501
10.089	-4.304
10.928	-4.588
2.101	-6.876
7.383	-4.811
7.698	-4.726
6.529	-4.955
10.284	-3.968
5.260	-4.778
10.467	-5.018
9.735	-3.975
8.192	-3.686
2.619	-5.490
4.165	-5.404
4.461	-6.314
11.425	-4.752
10.571	-4.567
0.399	-8.607
11.382	-5.270
7.610	-4.403
11.178	-3.975
4.371	-6.205
2.577	-6.792
6.348	-5.475
10.686	-4.456
6.017	-4.356
6.567	-6.013
1.024	-6.883
4.566	-4.841
7.588	-5.426
5.734	-4.145
6.828	-4.171
9.630	-4.222
9.918	-4.319
1.724	-7.518
3.857	-5.379
1.864	-7.353
8.539	-4.565
7.230	-4.181
5.318	-5.340
10.389	-4.821
11.711	-4.131
5.964	-4.454
8.292	-4.082
9.087	-4.674
8.666	-3.826
4.085	-4.648
11.879	-4.596
2.479	-6.095
4.788	-6.275
11.318	-4.520
4.634	-5.926
9.619	-4.449
5.388	-5.467
5.676	-6.341
9.930	-4.169
3.866	-6.213
5.140	-4.550
9.038	-3.773
0.455	-8.137
4.261	-5.539
7.248	-4.632
3.074	-6.842
7.568	-4.673
7.645	-4.180
8.915	-4.195
8.420	-5.197
7.499	-3.898
3.228	-5.694
5.010	-5.763
2.143	-6.440
3.596	-6.304
11.455	-4.713
0.597	-8.252
7.637	-3.699
5.275	-3.801
11.290	-5.285
4.846	-5.336
3.758	-5.807
4.693	-4.995
7.841	-4.505
11.813	-4.782
2.003	-6.645
3.716	-6.107
8.692	-5.077
11.007	-4.178
9.032	-4.501
7.581	-5.078
1.589	-6.836
0.417	-8.764
9.224	-5.017
6.048	-5.077
2.356	-6.223
11.317	-4.819
3.262	-5.199
11.205	-4.617
7.286	-4.636
5.624	-4.679
7.219	-4.807
11.192	-4.838
4.377	-5.603
10.134	-4.017
9.563	-3.886
7.502	-4.422
3.441	-6.149
7.162	-5.342
6.776	-5.186
2.091	-7.017
9.623	-4.441
6.075	-5.017
0.481	-8.884
6.574	-4.526
2.762	-6.678
2.191	-6.640
11.276	-4.890
2.590	-5.824
1.553	-7.007
5.054	-5.150
1.756	-6.442
4.031	-5.102
2.406	-7.218
9.204	-4.480
4.897	-5.868
2.585	-6.716
1.412	-7.600
8.467	-5.436
11.981	-5.130
7.014	-4.786
2.732	-6.247
7.481	-4.491
11.564	-4.558
2.229	-6.879
5.309	-5.375
3.404	-6.097
2.059	-7.222
7.755	-4.697
7.749	-5.265
0.461	-9.065
10.804	-5.346
10.052	-4.508
5.756	-5.484
7.293	-4.966
6.741	-4.869
5.437	-5.681
2.248	-6.578
10.474	-4.532
6.903	-4.910
0.689	-9.249
0.915	-7.401
7.693	-4.503
4.901	-5.030
7.538	-3.876
3.358	-6.531
3.550	-4.838
1.320	-7.610
9.968	-4.092
1.490	-6.688
8.660	-5.214
1.699	-6.969
2.934	-6.511
0.922	-7.687
3.289	-6.778
0.359	-7.741
0.751	-7.900
8.171	-4.837
7.094	-5.306
2.818	-5.551
7.611	-5.047
10.504	-4.113
6.982	-5.497
7.456	-4.502
7.486	-5.800
6.929	-4.687
7.771	-5.290
9.475	-5.152
8.707	-4.169
9.112	-4.264
11.462	-4.843
10.791	-4.946
5.764	-4.538
5.030	-6.127
11.231	-4.682
6.308	-5.393
6.951	-4.887
4.865	-5.402
9.430	-4.720
5.812	-5.765
0.927	-7.811
1.520	-7.056
3.338	-6.232
11.961	-3.589
3.230	-6.297
4.131	-5.630
10.892	-3.491
5.292	-5.395
3.443	-6.004
7.254	-5.641
5.155	-5.274
0.624	-8.546
1.843	-6.854
6.072	-5.632
7.707	-4.147
7.460	-4.539
8.883	-4.191
6.848	-5.105
1.101	-8.689
2.764	-6.147
9.092	-4.664
4.361	-5.802
10.976	-3.670
7.282	-4.687
4.556	-5.391
3.284	-5.778
6.545	-4.768
1.382	-7.218
1.882	-6.549
5.908	-5.018
4.463	-5.729
2.317	-7.061
4.294	-5.435
1.460	-7.098
8.448	-4.274
7.178	-5.275
9.841	-5.393
8.297	-5.481
5.371	-4.427
10.597	-4.226
9.126	-4.646
5.859	-5.251
7.035	-3.697
8.471	-7.253
7.907	-7.826
7.022	-7.853
6.703	-7.791
7.233	-8.839
8.483	-7.990
7.644	-7.199
6.964	-7.974
7.331	-8.229
8.035	-7.903
7.153	-7.968
7.260	-7.085
7.222	-8.332
7.011	-8.119
8.704	-7.164
7.066	-8.555
7.708	-8.542
8.251	-8.224
7.480	-8.198
7.303	-7.507
7.454	-7.398
7.545	-7.720
7.422	-7.142
7.282	-8.643
7.316	-7.491
7.613	-8.186
8.597	-7.305
7.301	-8.012
8.023	-8.384
7.436	-7.459
6.973	-7.250
6.861	-7.668
7.741	-8.215
6.770	-6.924
7.809	-8.801
7.345	-7.819
8.555	-7.868
6.929	-8.072
8.201	-7.351
8.377	-7.816
8.042	-7.409
7.234	-7.781
7.760	-7.331
7.634	-7.520
7.464	-7.566
8.091	-7.768
7.507	-7.923
7.698	-8.271
8.201	-7.555
7.493	-7.617
7.337	-8.164
7.674	-7.740
7.256	-8.187
6.174	-7.302
7.249	-8.308
7.452	-7.899
6.852	-7.334
6.435	-7.396
7.823	-8.553
7.156	-7.603
