id	name	active	score	inter	torsdof	heavy	mw	smiles
CHEMBL1171479		1	-14.238	-19.232	6	39	531.6	CN5CCN(Cc4ccc(NC(=O)c3ccc(C)c(C#Cc2cnc1[nH]ccc1c2)c3)cc4C(F)(F)F)CC5
CHEMBL255863	nilotinib	1	-13.761	-19.392	7	39	529.5	Cc5cn(c4cc(NC(=O)c3ccc(C)c(Nc2nccc(c1cccnc1)n2)c3)cc(C(F)(F)F)c4)cn5
CHEMBL1171281		1	-12.752	-17.225	6	39	531.6	CN5CCN(Cc4ccc(C(=O)Nc3ccc(C)c(C#Cc1cnc2ccccn12)c3)cc4C(F)(F)F)CC5
CHEMBL1171280		1	-12.498	-16.882	6	34	465.4	Cc2ccc(C(=O)Nc1cc(C(F)(F)F)on1)cc2C#Cn4cnc5c(NC3CC3)cccc45
C16593540		0	-12.481	-16.858	6	32	447.9	c1cc(ccc1C#N)c2ccc(cc2)OCC(=O)NNC(=O)[C@H]3Cc4cc(ccc4O3)Cl
CHEMBL1171837	ponatinib	1	-12.415	-16.77	6	39	532.6	CN5CCN(Cc4ccc(NC(=O)c3ccc(C)c(C#Cc1cnc2cccnn12)c3)cc4C(F)(F)F)CC5
C53627424		0	-12.239	-16.532	6	31	422.5	C[C@@H]1c2cc3c(cc2OC(=O)[C@@H]1CCC(=O)NCCc4c[nH+]c[nH]4)oc5c3CCCC5
CHEMBL209704		1	-12.132	-16.388	6	38	506.7	C7CCN(C6CCN(c5ccc4[nH]c(c2[nH]nc3cc(OCc1ccccc1)ccc23)nc4c5)CC6)CC7
CHEMBL536073		1	-11.99	-18.298	9	42	576.6	CN(C)[C@@H]5CCN(Cc4ccc(C(=O)Nc3ccc(C)c(Nc2nccc(c1cncnc1)n2)c3)cc4C(F)(F)F)C5
C20503836		0	-11.799	-15.938	6	35	487.7	c1ccc2c(c1)CCN(C2)C[C@H]3C[NH+]4CC[C@H]3C[C@@H]4CNC(=S)Nc5ccc(cc5)n6cccn6
CHEMBL378299		1	-11.645	-13.688	3	30	400.5	C6CCN(C5CCN(c4ccc3[nH]c(c1[nH]nc2ccccc12)nc3c4)CC5)CC6
C39596998		0	-11.355	-16.002	7	37	504.6	Cc1cc(=O)oc2c1cccc2OCC(=O)N3C[C@H](C4(C3)CC[NH2+]CC4)C(=O)N[C@@H](C)c5ccccc5
CHEMBL454868		1	-11.203	-14.478	5	31	428.4	CP(C)(=O)c5ccc(Nc3ncnc4n(/C=C/c1cccc2[nH]ccc12)cnc34)cc5
C63376319		0	-11.178	-16.079	8	34	483.9	c1cc2c(cc1NC(=O)CC[C@H]3C(=O)N(C(=N3)O)CCC4=c5cc(ccc5=[NH+]C4)Cl)OCCO2
C39656101		0	-11.098	-14.991	6	37	503.6	Cc1ccc2c(c1)c(c[nH]2)CCNC(=O)[C@@H]3CN(CC34CC[NH2+]CC4)C(=O)[C@@H]5COc6ccccc6O5
CHEMBL56359		1	-11.091	-14.333	5	27	373.4	O=C(Nc3cccc(Nc2nccc(c1cccnc1)n2)c3)c4cccs4
CHEMBL1171283		1	-11.089	-14.979	6	38	518.5	Cc3ccc(C(=O)Nc2ccc(CN1CCOCC1)c(C(F)(F)F)c2)cc3C#Cc4cnc5ccccn45
C15773997		0	-11.052	-16.867	9	36	482.6	c1ccc(cc1)CC2CC[NH+](CC2)CCCNC(=O)[C@H]3Cc4ccccc4N3C(=O)c5ccccc5
C30986031		0	-11.05	-15.571	7	37	523.1	C[C@@H]1CCCN(C1)c2ccc(cc2)[C@@H](C)NC(=O)C3CC[NH+](CC3)Cc4nc(no4)c5cccc(c5)Cl
CHEMBL1171835		1	-10.884	-14.702	6	39	532.6	CN5CCN(Cc4ccc(NC(=O)c3ccc(C)c(C#Cc1cnc2ncccn12)c3)cc4C(F)(F)F)CC5
C27682945		0	-10.847	-14.018	5	26	417.2	c1ccc2c(c1)ccc(n2)C(=O)NNC(=O)CNC(=O)c3ccc(o3)Br
C63819166		0	-10.845	-15.918	8	33	462.0	c1ccc(cc1)NC(=O)NCCC(=O)NC[C@H](c2ccccc2Cl)C3=c4ccccc4=[NH+]C3
C20151050		0	-10.727	-14.49	6	35	482.6	c1cc(ccc1NC(=O)C[NH+]2[C@H]3CC[C@@H]2CC(C3)NC(=O)NC45CC6CC(C4)CC(C6)C5)[N+](=O)[O-]
C08764216		0	-10.718	-14.477	6	36	487.5	Cc1c2cc3c(cc2oc(=O)c1CC(=O)N[C@@H](Cc4c[nH]c5c4cccc5)C(=O)[O-])OC(CC3)(C)C
C64871065		0	-10.692	-13.817	5	33	462.9	CCc1ccc(cc1)[C@@H]2N[C@@H](ON2)c3ccc4c(c3)[nH]c(=O)n(c4=O)Cc5cccc(c5)Cl
C39659029		0	-10.599	-15.246	8	33	451.5	Cc1cccc(c1)C(=O)N[C@H](C(C)C)C(=O)OCc2cc(oc-3c/c(=[NH+]\C(=O)C)/ccc23)O
C14134967		0	-10.552	-13.636	5	27	380.5	Cc1cccc(c1C)NC(=O)C[C@H]2C(=O)N/C(=N/N=C/c3ccccc3)/S2
C04577580		0	-10.418	-12.245	3	23	375.2	Cc1cc\2c(cc1Br)NC(=O)/C2=N\Nc3ccc(cc3)[N+](=O)[O-]
C36329859		0	-10.377	-14.017	6	30	448.6	c1ccc(cc1)S(=O)(=O)N2CCN(CC2)CC(=O)Nc3c(c4c(s3)CCC4)C(=O)N
C64502628		0	-10.316	-15.14	8	37	519.7	c1ccc(cc1)NC(=O)[C@H]2N=N[C@H](S2)C(=O)N3CCC(CC3)CC(=O)NCCC4=c5ccccc5=[NH+]C4
C63666756		0	-10.313	-15.136	8	34	478.6	C[C@@H]1[C@@H]2[C@@H](N(N1)c3ccccc3)SCCN2C(=O)CCC(=O)NCCC4=c5ccccc5=[NH+]C4
C39666241		0	-10.293	-15.107	8	38	520.6	Cc1ccc(cc1)O[C@H](C)CNC(=O)[C@@H]2CN(CC23CC[NH2+]CC3)C(=O)c4ccc(o4)c5ccc(cc5)F
C40068967		0	-10.245	-13.24	5	26	358.4	Cc1cc(c(c(c1)C)NC(=O)CNC(=O)NNC(=O)c2ccoc2C)C
C65197478		0	-10.242	-13.835	6	26	380.5	Cc1ccc(cc1)S(=O)(=O)N2CCC[C@H]2C(=O)NNC(=O)NCC3CC3
C13502568		0	-10.227	-13.216	5	33	496.7	C1CCc2c(c3c4nnc(n4c(nc3s2)C5CC5)SCC(=O)Nc6nc7c(s6)CCCC7)C1
C29310441		0	-10.224	-14.707	8	31	447.6	Cc1ccc(cc1)S(=O)(=O)Nc2ccc(n(c2=O)CC(=O)NCC3CCC(CC3)[NH3+])C
C39669032		0	-10.193	-14.364	7	35	478.6	CCOc1ccccc1C(=O)N2C[C@@H](C3(C2)CC[NH2+]CC3)C(=O)NC[C@@H]4c5ccccc5CCO4
C06819474		0	-10.181	-11.966	3	27	381.9	COc1ccccc1[C@@H]2CC(=O)NC3=C2C(=O)C[C@@H](C3)c4ccccc4Cl
C39778044		0	-10.157	-13.125	5	26	386.5	CC[C@H]1Nn2c(=O)cc(nc2S1)CSc3[nH]nc(n3)c4ccc(cc4)C
C23637375		0	-10.145	-14.89	8	34	491.5	C[C@H](C(=O)NC(=O)NC1CCCCC1)OC(=O)c2cccc(c2)S(=O)(=O)Nc3ccc(cc3)F
C15924964		0	-10.135	-13.097	5	27	366.4	C[C@@]1(C(=O)N(C(=O)N1)CC(=O)NNC(=O)c2ccccc2)c3ccccc3
C08438399		0	-10.134	-14.281	7	34	472.6	CCOC(=O)C1=C(S/C(=C\c2cc(n(c2C)c3cccc(c3)C)C)/C1=O)Nc4ccc(cc4)C
C52470429		0	-10.108	-13.654	6	27	374.4	C[C@H](c1cccc(c1)OC(F)F)NC(=O)Nc2cccc(c2)c3c[nH+]co3
C34912420		0	-10.024	-14.712	8	37	506.7	CCCCc1ccc(cc1)C(=O)N2CCC(CC2)[NH+]3CCC(CC3)C(=O)NCc4ccc5c(c4)OCO5
C36647517		0	-10.009	-12.935	5	27	384.5	C[C@H](c1ccc2c(c1)CCCC2)NC(=O)CN3CCN(CC3)c4nccs4
C67481798		0	-9.969	-12.883	5	27	379.6	CN(C)C(=O)C1CCN(CC1)C(=O)NC[C@H]2CCC[NH+]2CC3CCCCC3
C22240717		0	-9.946	-14.017	7	29	416.6	CCOC(=O)[C@@H]1CCC[NH+](C1)CC(=O)Nc2nc(cs2)c3c(cc(cc3C)C)C
C39677037		0	-9.941	-13.428	6	35	478.6	Cc1ccc(c(c1)CCNC(=O)[C@H]2CN(CC23CC[NH2+]CC3)C(=O)[C@H]4COc5ccccc5O4)C
C40688694		0	-9.906	-13.67	7	34	490.4	Cc1cc(c(cc1Nc2c(c(nc[nH+]2)N(C)c3ccccc3)N)Cl)[C@H](C#N)c4ccc(cc4)Cl
CHEMBL191003		1	-9.903	-13.376	7	27	394.4	Nc2nc(Nc1ccc(S(N)(=O)=O)cc1)nn2C(=O)c3c(F)cccc3F
C11905254		0	-9.874	-13.338	6	29	459.4	CC1CC[NH+](CC1)[C@H](CNC(=O)c2cc(on2)c3ccc(cc3)Br)c4ccco4
C41584786		0	-9.805	-12.385	5	36	484.6	CN(C)c1ccc(cc1)/C=C/2\C(=O)c3ccc(c(c3O2)C[NH+]4C[C@@H]5C[C@H](C4)c6cccc(=O)n6C5)O
C39933497		0	-9.798	-13.234	6	29	417.5	CC[C@]1(C(=O)N(C(=O)N1)NC(=O)CS[C@H]2NN=C(O2)C3=c4ccccc4=[NH+]C3)C
CHEMBL55379		1	-9.792	-13.227	6	29	402.4	FC(F)C(F)(F)Oc4cccc(Nc3nccc(c1c[nH]c2ccccc12)n3)c4
C63831461		0	-9.782	-13.785	7	32	466.6	c1ccc2=[NH+]CC(=c2c1)[C@H](CNS(=O)(=O)c3ccc(cc3)N4CCCC4=O)c5cccs5
C06077126		0	-9.738	-12.016	4	37	494.5	CC1(CC2=C([C@@H](Nc3c2c4ccccc4cc3)c5ccc(o5)c6cc(ccc6OC)[N+](=O)[O-])C(=O)C1)C
C59331582		0	-9.715	-13.691	7	37	520.6	CC(C)c1ccc2c(c1)nc(o2)c3ccc(c(c3)NC(=S)NC(=O)c4ccc(c(c4)[N+](=O)[O-])OC)OC
C12039841		0	-9.697	-14.233	8	36	496.7	c1ccc(cc1)CCCn2cnc3c(c2=O)c4c(s3)C[C@H](CC4)[NH2+]Cc5ccc(cc5)n6cccn6
C55597767		0	-9.693	-11.959	4	27	386.4	c1cc(cc(c1)N2CCNC2=O)NS(=O)(=O)c3ccc4c(c3)CCC(=O)N4
C40322032		0	-9.581	-14.622	9	32	496.4	CC[NH+](CC)[C@@H](CNC(=O)c1ccc(o1)S(=O)(=O)c2ccc(cc2)Cl)c3ccc(cc3)Cl
C16633395		0	-9.555	-14.024	8	33	465.6	C[C@@H](c1ccc(cc1)C(=O)CSc2nc3ccccc3c(=O)n2C[C@H]4CCCO4)NC(=O)C
C39671528		0	-9.554	-13.463	7	38	526.7	c1ccc(cc1)Sc2c(cccn2)C(=O)N3C[C@@H](C4(C3)CC[NH2+]CC4)C(=O)NCc5cc6ccccc6[nH]5
C03372628		0	-9.453	-12.769	6	26	427.6	c1cc(c(cc1Cl)Cl)CCNC(=O)Cn2cc(cc(c2=O)Cl)C(F)(F)F
C14647563		0	-9.443	-11.375	6	23	318.3	Cc1c(cc2c(c1O)C(=O)[C@H]([C@@H](O2)c3ccc(c(c3)O)O)O)O
C38681817		0	-9.436	-15.228	11	38	512.6	CCCOc1ccccc1[C@H]2c3ccc(cc3OC(=C2C#N)N)OC(=O)[C@@H](C)Oc4ccc(cc4)C(C)C
C38775896		0	-9.419	-12.447	6	32	494.4	CC1=C([C@@H]([NH+]=N1)c2ccc(cc2O)OCc3ccc(cc3)Br)c4ccc5c(c4)OCCO5
C36635482		0	-9.376	-11.021	3	23	312.3	Cc1ccc(c(c1)N2C(=O)C[C@@H](C2=O)Nc3ccc(cc3)F)C
C12886956		0	-9.352	-11.539	4	34	457.6	CC[C@H](C)N1C(=O)[C@@H]2[C@@H]([NH2+][C@]3([C@@H]2C1=O)c4cc(ccc4NC3=O)C)Cc5c[nH]c6c5cccc6
C41584747		0	-9.343	-11.254	4	37	499.5	Cc1cc(c(c2c1C(=O)/C(=C/c3ccc4c(c3)OCO4)/O2)C[NH+]5C[C@H]6C[C@@H](C5)c7cccc(=O)n7C6)O
C09546692		0	-9.328	-13.691	8	36	499.6	Cc1ccccc1OCc2nnc(n2c3ccccc3)S[C@H](C)C(=O)N4CC(=O)Nc5c4cccc5
C12887441		0	-9.313	-13.124	7	38	514.6	CC(C)C[C@@H](C(=O)NC[C@@H]1CCCO1)NC(=O)[C@@H]2Cc3c4ccccc4[nH]c3[C@@H]5N2C(=O)c6c5cccc6
C63106918		0	-9.283	-11.997	5	35	479.5	c1ccc2c(c1)c(cc(n2)C3=C(c4ccccc4C3=O)[O-])NC(=O)CSC5[NH+]=c6ccccc6=[NH+]5
C63708481		0	-9.236	-14.096	9	37	514.6	c1ccc(cc1)CNC(=O)CS[C@H]2Nc3ccccc3C(=O)N2NC(=O)CCC4=c5ccccc5=[NH+]C4
C66906719		0	-9.223	-12.459	6	27	379.6	C[C@@H]1CCCC[NH+]1CCNC(=O)N2CCC(CC2)NC(=O)CC3CCCC3
C59989990		0	-9.203	-12.969	7	33	466.6	C[C@@H]1C[C@H](C[NH+](C1)C(C)(C)CNC(=O)c2cnn(c2C(C)C)c3ccc(cn3)C(F)(F)F)C
C38886886		0	-9.192	-13.491	8	36	509.7	CCOC(=O)c1c2c(sc1NC(=O)[C@H]3CCC[NH+](C3)Cc4nc(no4)c5ccccc5C)CCCC2
CHEMBL941	imatinib	1	-9.177	-12.933	7	37	493.6	CN5CCN(Cc4ccc(C(=O)Nc3ccc(C)c(Nc2nccc(c1cccnc1)n2)c3)cc4)CC5
C63479935		0	-9.173	-11.318	4	38	511.5	COc1cccc(c1)N2C(=O)[C@H]3[C@@H](N[C@@]4([C@@H]3C2=O)c5cc(ccc5NC4=O)F)CC6=c7ccccc7=[NH+]C6
C63514048		0	-9.141	-12.882	7	35	519.0	C[C@@H]1C(=c2cc(ccc2=[NH+]1)OC)CCNC(=O)[C@@H]3C=C4N=C(C=C(N4N3)C(F)(F)Cl)c5cccs5
C57308105		0	-9.14	-11.277	4	34	484.6	Cc1c2c(cc(nc2n(n1)[C@H]3CCS(=O)(=O)C3)c4ccccc4F)C(=O)N[C@@H]5CCCC[C@@H]5C
C40450185		0	-9.13	-13.4	8	28	467.4	CC(=O)N1CCc2c1cc(c(c2)Br)S(=O)(=O)NCC[NH+](C)Cc3ccccc3
C20412922		0	-9.124	-12.592	7	32	436.6	Cc1ccc(c(c1)OCC(=O)N2CCN(CC2)Cc3[nH+]c4cc(ccc4n3C)N)C(C)C
C01966569		0	-9.123	-11.523	5	25	356.4	Cc1c(sc2c1c(=O)n(cn2)CC(=O)N/N=C/c3ccccc3O)C
C36061537		0	-9.102	-14.423	10	39	530.6	CC(C)(C)c1ccc(cc1)C[NH+](Cc2ccc3c(c2)OCO3)Cc4nc(co4)C(=O)NCc5ccc(cc5)F
C59167382		0	-9.099	-12.557	8	25	385.2	C[C@H](C(=O)N/N=C/c1c(cc(cc1O)O)O)Oc2ccc(cc2Cl)Cl
C53158026		0	-9.093	-12.016	6	25	397.3	C[C@@H](c1nc(no1)C2CC2)Sc3nnc(n3N)c4ccc(cc4Cl)Cl
C39670088		0	-9.084	-12.27	6	34	482.0	Cc1ccn2cc([nH+]c2c1)CNC(=O)[C@@H]3CN(CC34CC[NH2+]CC4)C(=O)Cc5ccc(cc5)Cl
C52001347		0	-9.075	-10.931	4	19	266.4	Cc1c(c(=O)[nH]c(n1)C)[C@H](C)[NH2+][C@@H]2CCCC[C@@H]2O
CHEMBL272888		1	-9.065	-13.305	8	43	589.6	CN5CCN(c4ccc(Nc3ncc(NC(=O)c2cc(NC(=O)c1cccc(C(F)(F)F)c1)ccc2C)cn3)cc4)CC5
C22473188		0	-9.012	-14.544	11	34	478.0	c1ccc(cc1)CN(CCC/[NH+]=c/2\cc(oc3c2cccc3)O)C(=O)COc4ccc(cc4)Cl
C05567070		0	-8.998	-11.102	4	23	382.2	c1c(c(cc2c1OCO2)Br)/C=N/NC(=O)C(=O)NC3CCCC3
C12112958		0	-8.997	-10.575	3	22	316.4	Cc1ccc(cc1)N[C@H]2C(=O)N(C(=O)S2)c3ccc(cc3)F
C16026354		0	-8.978	-11.077	4	37	492.5	COc1cccc(c1)N2C(=O)[C@@H]3[C@@H](N[C@]4([C@@H]3C2=O)c5ccccc5NC4=O)Cc6c[nH]c7c6cccc7
C32868690		0	-8.975	-12.124	6	29	424.5	C[C@H](C(=O)Nc1c(ccs1)C(=O)N)Sc2c3ccccc3nc(n2)c4ccco4
C12433658		0	-8.972	-11.595	5	32	431.6	Cc1cccn2c1nc(c2C[NH2+][C@@H]3CCCC[C@H]3c4ccccc4)C(=O)N5CCCCC5
C38684540		0	-8.951	-14.445	11	38	514.5	COc1cc(cc(c1OC)OC)C(=O)Oc2ccc3c(c2)OC(=C([C@@H]3c4cccc(c4)OCC=C)C#N)N
C63373764		0	-8.942	-10.51	3	36	498.0	c1ccc2=[NH+]CC(=c2c1)C[C@@H]3[C@@H]4[C@@H](C(=O)N(C4=O)c5ccc(cc5)Cl)[C@]6(N3)c7ccccc7NC6=O
C38660100		0	-8.924	-14.401	11	38	510.6	CCCCOc1ccc(cc1OC)[C@@H]2c3ccc(cc3OC(=C2C#N)N)OC(=O)/C=C/c4ccc(cc4)C
C43387412		0	-8.848	-10.141	3	21	294.3	CC1CCC(CC1)(c2nc(no2)c3cc(cc(c3)F)F)[NH3+]
C16957644		0	-8.809	-10.611	4	30	451.9	c1ccc2c(c1)C3=NN([C@]([C@H]3CO2)(C(F)(F)F)O)c4nc(cs4)c5ccc(cc5)Cl
CHEMBL31965		1	-8.806	-13.439	9	34	485.9	Fc4ccc(Nc2ncnc3cc(OCCCN1CCOCC1)c(NC(=O)C=C)cc23)cc4Cl
C12477459		0	-8.803	-14.207	11	38	512.6	Cc1ccc(cc1)c2nnn(n2)CC(=O)N(Cc3ccccc3)[C@@H](c4ccc(cc4)O)C(=O)NC(C)(C)C
C56218429		0	-8.773	-11.337	5	27	387.5	Cc1ccc2nc(cc(=O)n2c1)CS[C@H](C)C(=O)N[C@H]3CCC[C@@H]([C@@H]3C)C
C59331565		0	-8.772	-11.849	6	36	517.6	c1ccc2c(c1)nc(s2)c3ccc(cc3)CNC(=S)NC(=O)c4ccc(c(c4)[N+](=O)[O-])N5CCCC5
C39325066		0	-8.765	-11.84	6	35	512.0	Cc1cc(c2=C[C@@H](C(=O)[NH+]=c2c1)CN(Cc3ccc4c(c3)OCO4)S(=O)(=O)c5ccc(cc5)Cl)C
C13501089		0	-8.755	-12.849	8	36	485.7	CC[C@@H](c1nnnn1Cc2ccccc2)[NH+](Cc3cc4cc(cc(c4[nH]c3=O)C)C)C5CCCCC5
C13064636		0	-8.708	-13.29	9	37	493.6	CC[C@@H](c1nnnn1Cc2ccccc2)[NH+](Cc3ccccc3)Cc4cc5cc(c(cc5[nH]c4=O)C)C
C38646330		0	-8.7	-9.717	2	20	310.8	C[C@@]1\2CC[C@@H](C1(C)C)C/C2=N\NC(=O)c3ccc(s3)Cl
C39682547		0	-8.692	-12.757	8	36	507.5	Cc1cc(c(o1)C(F)(F)F)C(=O)N2C[C@@H](C3(C2)CC[NH2+]CC3)C(=O)N[C@H](CC(=O)[O-])c4ccccc4
C12152737		0	-8.689	-12.245	7	32	472.6	COC(=O)c1c(c2ccc(nc2s1)C[NH+]3CCSCC3)NC(=O)/C=C/c4ccccc4F
C10716058		0	-8.679	-10.455	4	24	362.5	C[C@H]1CCc2c(sc3c2c(=O)[nH]c(n3)[C@H](C)Sc4nc([nH]n4)N)C1
C38976528		0	-8.675	-11.211	5	32	491.3	c1ccc2=N/C(=N\S(=O)(=O)c3cccc(c3)Cl)/[C@@H]([NH+]=c2c1)Nc4ccc(c(c4)[N+](=O)[O-])Cl
C21775201		0	-8.673	-11.715	6	35	499.7	Cc1c(c(c(c(c1C)C)S(=O)(=O)NC[C@@H](c2ccc3c(c2)CCCN3C)N4CC[NH+](CC4)C)C)C
C50208577		0	-8.666	-9.426	2	19	318.2	Cc1cc(n2c(nnc2n1)c3cc(ccc3N)Br)C
C06149592		0	-8.65	-13.707	10	39	521.7	CCC(C)(C)n1c(nnn1)[C@H](c2cc3cccc(c3[nH]c2=O)C)[NH+](CCc4ccccc4)Cc5ccccc5
C06410071		0	-8.642	-12.179	7	37	499.6	Cc1ccc2cc(c(=O)[nH]c2c1)[C@H](c3nnnn3C[C@H]4CCCO4)[NH+]5CCC(CC5)Cc6ccccc6
CHEMBL121190		1	-8.636	-9.393	2	18	260.7	Nc2[nH]cnc3nnc(Nc1cccc(Cl)c1)c23
CHEMBL1421	dasatinib	1	-8.63	-12.413	8	33	488.0	Cc4nc(Nc2ncc(C(=O)Nc1c(C)cccc1Cl)s2)cc(N3CCN(CCO)CC3)n4
C36028094		0	-8.614	-12.138	7	35	510.6	CC[C@@H](C)[C@@H]1C(=O)N(C2([NH2+]1)CCN(CC2)S(=O)(=O)c3ccccc3)Cc4cccc(c4)C(F)(F)F
C32911041		0	-8.607	-11.625	6	30	449.0	C[C@@H](C(=O)NC(=O)NC1CCCCC1)Sc2nc3cc(ccc3c(=O)n2CC=C)Cl
C63209073		0	-8.595	-12.112	7	34	453.5	c1ccc(cc1)C2(C(=O)N(C(=O)N2)NC(=O)CCCC3=c4ccccc4=[NH+]C3)c5ccccc5
C66392443		0	-8.576	-10.582	4	26	389.2	c1cc(cc(c1)N2CCNC2=O)C(=O)N[C@H](C#N)c3cccc(c3Cl)Cl
C42651967		0	-8.573	-9.826	3	25	409.8	c1cc(c(cc1F)F)[C@@H]2Nc3cc(c(cc3S(=O)(=O)N2)S(=O)(=O)N)Cl
C39595776		0	-8.572	-13.082	9	37	524.5	C[C@@H](CNC(=O)[C@@H]1CN(CC12CC[NH2+]CC2)C(=O)c3ccc(cc3)OC(F)(F)F)Oc4ccc(cc4)F
C03116666		0	-8.564	-13.571	10	37	550.4	Cc1c(c(no1)c2ccccc2)C(=O)N(CCNc3c(cc(c[nH+]3)C(F)(F)F)Cl)Cc4ccc(cc4)Cl
C13940455		0	-8.545	-10.543	4	33	510.5	C[C@@]12C[C@@H](CC(C1)(C)C)[NH+](C2)CN3c4ccccc4/C(=N/NC(=O)c5ccccc5Br)/C3=O
C35259824		0	-8.505	-9.499	2	19	263.3	CC(C)NC(=O)Nc1cc2ccc(=O)[nH]c2c(c1)F
C63269908		0	-8.486	-10.967	5	26	391.5	CC(C)NC(=O)NNC(=O)Cn1cnc2c(c1=O)c(cs2)c3cccs3
C04949155		0	-8.47	-9.955	4	27	403.3	Cc1cccc(c1)n2c(c(c(n2)C)[C@@]3(c4cc(cc(c4NC3=O)Cl)Cl)O)N
C63134638		0	-8.416	-10.63	5	18	246.3	CCCOC(=O)c1c2ccc(=O)[nH]c2ccc1N
C04729568		0	-8.374	-10.088	4	29	387.5	Cc1ccc(cc1)[C@H]2[NH2+][C@@H](CC(=N2)c3ccc4c(c3)OCO4)c5ccccc5O
C14671803		0	-8.363	-12.274	8	37	498.6	Cc1cc(nc(n1)N/C(=N/C(=O)c2ccc(cc2)C(C)(C)C)/NCCc3c[nH]c4c3cc(cc4)OC)C
CHEMBL248391		1	-8.36	-12.759	9	34	450.5	COc4cc3c(N[C@@H]1C[C@H]1c2ccccc2)c(C#N)cnc3cc4OCCCc5cccnc5
C09331907		0	-8.355	-9.821	3	38	509.5	Cc1cccc2c1NC(=O)[C@@]23[C@@H]([C@@]4(c5ccccc5NC4=O)[C@@H]6[NH+]3CCC6)C(=O)c7cccc(c7)[N+](=O)[O-]
C39610182		0	-8.336	-11.747	7	34	466.6	CCOc1ccccc1C(=O)N2C[C@@H](C3(C2)CC[NH2+]CC3)C(=O)NCc4ccc5c(c4)OCO5
C18196971		0	-8.329	-9.79	4	27	379.4	c1ccc(c(c1)[C@H]2c3c([nH]nc3O)NC4=C2C(=O)C[C@H](C4)c5cccs5)O
C11692013		0	-8.314	-10.015	4	31	472.3	c1ccc2c(c1)c(c(/c(=[NH+]/C(=O)c3cccc(c3)[N+](=O)[O-])/s2)c4ccc(c(c4)Cl)Cl)O
C49263250		0	-8.279	-10.216	4	20	279.3	Cc1c(cc(cc1F)C(=O)N)NC(=O)NC[C@H]2C[C@H]2C
C06881926		0	-8.278	-10.698	5	29	388.5	C[C@@H](c1cccc2c1cccc2)[NH2+]CC(=O)N3c4ccccc4NC(=O)C3(C)C
CHEMBL162		1	-8.27	-9.236	2	35	466.5	CN[C@@H]1CC5O[C@@](C)([C@@H]1OC)n7c2ccccc2c8c3CNC(=O)c3c6c4ccccc4n5c6c78
C39121742		0	-8.26	-9.467	3	15	226.3	c1ccc2c(c1)CCC[C@H]2NS(=O)(=O)N
C36082211		0	-8.256	-11.151	6	31	458.6	C[C@H]1CCC[C@H]([C@@H]1C)NC(=O)[C@@H](c2ccccc2)NS(=O)(=O)c3cccc4c3nsn4
C63573474		0	-8.244	-10.171	4	33	444.5	Cc1ccc(cc1)[C@H]2[C@H]3C(=c4cc(ccc4=[NH+]3)OC)CCN2C(=O)Nc5ccc(c(c5)F)C
C00679655		0	-8.227	-12.556	9	30	498.4	CCOc1cc(cc(c1OCC(=O)NC2CCCCC2)Br)CNn3c(n[nH]c3=S)C
C03820029		0	-8.207	-10.845	6	35	473.6	CC#CCn1c2c(nc1N3CCC[C@H](C3)[NH3+])n(c(=O)n(c2=O)Cc4nc(c5ccccc5n4)C)C
CHEMBL1081312		1	-8.157	-9.349	3	24	319.4	Nc4ncnc5n(C1CCCC1)nc(c3cnc2[nH]ccc2c3)c45
C36553010		0	-8.146	-12.909	10	37	527.1	CC(C)(C)CC(C)(C)NC(=O)[C@H](c1ccc(cc1)N(C)C)N(c2cccc(c2)Cl)C(=O)[C@@H]3CCC(=O)N3
C39670427		0	-8.127	-11.453	7	33	453.6	Cc1ccc2[nH+]c(cn2c1)CNC(=O)[C@H]3CN(CC34CC[NH2+]CC4)C(=O)CCC5CCCC5
C14539441		0	-8.114	-11.435	7	37	500.6	COCCN1C(=O)N(C(=O)C12CC[NH+](CC2)Cc3c[nH]nc3c4ccccc4)C5Cc6ccccc6C5
C38984083		0	-8.111	-10.956	6	32	490.4	CCOc1ccccc1N[C@@H]2/C(=N/S(=O)(=O)c3cc(ccc3Cl)Cl)/N=c4ccccc4=[NH+]2
C06443887		0	-8.104	-12.367	9	37	513.7	Cc1cccc2c1[nH]c(=O)c(c2)[C@H](c3nnnn3C(C)(C)C)[NH+](CCc4ccccc4)Cc5cccs5
C20751747		0	-8.094	-11.169	7	37	512.6	CCOc1ccc(cc1)NS(=O)(=O)c2ccc3c(c2)[C@H]4C=CC[C@H]4[C@H](N3)c5c6ccccc6ccc5O
C28052495		0	-8.094	-10.932	6	34	460.5	CCOc1ccc(cc1OC)[C@H]2c3c(noc3NC4=C2C(=O)C[C@H](C4)c5ccc(cc5)OC)C
CHEMBL298445		1	-8.087	-10.215	5	23	328.4	Cc1nc(N)sc1c3ccnc(Nc2cccc(N(=O)=O)c2)n3
C09601831		0	-8.072	-12.555	10	38	527.0	CCOc1cc(cc(c1OCc2ccccc2)Cl)[C@H](c3ccc4cccnc4c3O)Nc5cc(cc[nH+]5)C
C01414748		0	-8.06	-11.359	7	36	481.5	CC(C)c1ccc(cc1)[C@@H]2C(=C(C(=O)N2CCc3c[nH]c4c3cccc4)[O-])C(=O)c5ccc(cc5)F
C39361931		0	-8.056	-10.882	6	31	435.6	Cc1ccc(cc1)CSC2=NN[C@@H](N2c3cc(ccc3C)C)Cc4cc(=O)[nH]c(=O)[nH]4
C41586633		0	-8.054	-11.115	7	31	487.4	CCOC(=O)[C@@H]1CCC[NH+](C1)Cc2c(ccc3c2occ(c3=O)c4ccc(cc4)Br)O
C13132078		0	-8.053	-8.995	2	22	310.8	c1ccc(cc1)[C@H]2C[C@H](n3c(ncn3)N2)c4ccccc4Cl
C42139716		0	-8.052	-10.17	5	19	263.3	CC[C@H]1CCCC[C@H]1Oc2c(cc(cn2)N)C(=O)N
C32381293		0	-8.038	-11.327	7	26	378.5	CC(C)(C)C[C@H](c1ccccc1)NC(=O)c2ccc(o2)S(=O)(=O)N(C)C
C39608227		0	-8.033	-11.79	8	36	499.7	C[C@H](C(C)C)NC(=O)[C@H]1CN(CC12CC[NH2+]CC2)C(=O)C3CCN(CC3)C(=O)OCc4ccccc4
C35033065		0	-8.018	-12.705	10	35	490.6	CC[C@H](c1nc2ccccc2c(=O)n1CC)N(CC[NH+](C)C)C(=O)Nc3ccccc3C(F)(F)F
C35337451		0	-8.016	-9.656	4	32	449.5	c1cc(ccc1[C@@H]2[C@@H]3CC=C[C@@H]3c4cc(cc5c4N2C[C@@H]6[C@@H]5C=CC6)S(=O)(=O)N)[N+](=O)[O-]
C40825097		0	-7.967	-10.296	5	33	483.0	Cc1c\2c(oc1C(=O)Nc3cc(ccc3OC)Cl)CCC/C2=N\NC(=S)Nc4ccccc4
C35191081		0	-7.965	-12.156	9	36	508.7	CC(C)(C)CC(C)(C)Nc1c([nH+]c2n1cccc2)c3ccccc3OS(=O)(=O)c4ccc(cc4)OC
C12372576		0	-7.919	-10.003	5	25	375.9	Cc1c(n(c(c1S(=O)(=O)c2ccc(cc2)Cl)N)Cc3ccccn3)C
C63572591		0	-7.909	-9.296	3	34	478.9	c1cc(ccc1[C@@H]2[C@H]3C(=c4cc(ccc4=[NH+]3)Cl)CCN2C(=O)Nc5ccc6c(c5)OCCO6)F
C27695018		0	-7.904	-12.294	10	33	448.7	C[C@H](c1ccc(cc1)CC(C)C)c2nc3ccccc3n2C[C@@H](C[NH+](C)C4CCCCC4)O
C49210588		0	-7.901	-9.287	3	18	253.3	Cc1c(oc(n1)NC(=O)NC[C@H]2CCCOC2)C
C08036860		0	-7.895	-10.203	5	28	402.9	CC[C@@]1(C(=O)N(C(=O)N1)CC(=O)NC2(CCCCC2)C#N)c3ccc(cc3)Cl
C09124035		0	-7.88	-10.183	6	28	442.3	Cc1cc(c(c(c1)C2=C3[C@H](N(C(=O)[C@@H]3N=N2)CCO)c4ccc(cc4)Br)O)C
C39467134		0	-7.876	-10.178	6	35	517.6	CC(C)S(=O)(=O)C1=C[C@@H]2C[NH+]3[C@@H](C[C@@H]2C=C1c4ccccc4O)CO[P@@](=O)(N3)c5ccccc5O
C39652744		0	-7.856	-11.989	9	34	507.1	CCOc1ccccc1CCNC(=O)[C@@H]2CN(CC23CC[NH2+]CC3)C(=O)c4csc(c4OC)Cl
C04532109		0	-7.846	-9.68	4	30	416.6	CC(=O)O[C@H]1CC[C@H]2[C@@]1(CC[C@@H]3[C@@H]2C(=O)C=C4[C@@]3(CC[C@@H](C4(C)C)OC(=O)C)C)C
C40687408		0	-7.835	-9.896	5	26	347.4	c1ccc2c(c1)CCN2c3c(c(ncn3)NNC(=O)c4ccccn4)N
C13027544		0	-7.828	-12.861	11	39	530.6	Cc1ccc(c(c1)C)N([C@@H](c2ccc(cc2)F)C(=O)NC3CCCC3)C(=O)CCCC(=O)Nc4ccccn4
C41511615		0	-7.8	-9.853	5	29	459.4	C[C@@H]1CCCC[NH+]1Cc2c(ccc3c2O/C(=C\c4cc(ccc4OC)Br)/C3=O)O
C20558538		0	-7.792	-10.298	6	37	517.5	COC(=O)c1ccc(cc1)[C@@H]2C(=C(OC3=C2S(=O)(=O)N(c4c3cccc4)Cc5ccccc5F)N)C#N
C08960121		0	-7.787	-10.519	6	35	504.7	CC[NH+]1CCc2c(sc(c2c3nc4ccccc4s3)NC(=O)c5cc6cccc(c6o5)OCC)C1
C21104655		0	-7.778	-10.051	5	29	390.5	Cc1ccc(cc1N(C)C)N[C@@H]2c3c(cccn3)C(=O)N2Cc4ccc(cc4)F
C09720892		0	-7.735	-9.091	3	26	498.1	c1cc(cc(c1)Br)/N=C/2\NC(=O)/C(=C/c3cc(c(c(c3)Br)[O-])[N+](=O)[O-])/S2
C38660551		0	-7.703	-11.981	10	38	516.6	Cc1cccc(c1OCC(=O)Oc2ccc3c(c2)OC(=C([C@H]3c4cc(c(c(c4)OC)OC)OC)C#N)N)C
C39914485		0	-7.687	-12.406	11	36	512.1	CCCCCN1[C@H](c2c(n[nH]c2C1=O)c3cc(c(cc3O)C)Cl)c4ccc(c(c4)OC)OCC(C)C
C02672507		0	-7.678	-9.473	4	29	443.0	CC(C)CN1C(=O)/C(=C/2\c3ccccc3N(C2=O)Cc4ccc(cc4)Cl)/SC1=S
C63406063		0	-7.673	-9.916	5	30	464.3	c1ccc(cc1)C2=c3cc(ccc3=[NH+][C@H]2C(=O)N/N=C\c4cccc(c4)Br)[N+](=O)[O-]
C02254926		0	-7.671	-9.017	3	33	457.6	Cc1ccc(cc1)[C@@H]2C3=C(c4ccccc4O[C@@H]3c5ccc(cc5)F)[NH+]=C6N2NC(=N6)SC
C09081714		0	-7.662	-11.245	8	31	463.6	Cc1ccc(c(c1)S(=O)(=O)NC[C@H](c2ccco2)S(=O)(=O)c3ccc(c(c3)C)C)OC
C00716436		0	-7.643	-9.431	5	30	421.9	COc1ccc(cc1O)[C@@H]2C(=C(N(C3=C2C(=O)CCC3)c4ccccc4Cl)N)C#N
C16448845		0	-7.639	-10.765	7	29	454.4	CCCOc1c(cc(cc1Br)/C=C(/C#N)\c2[nH]c3cc(c(cc3n2)C)C)OCC
C13500061		0	-7.631	-11.646	9	34	465.7	CCC[C@H](c1nnnn1C(C)(C)CC)[NH+](Cc2cc3cc(cc(c3[nH]c2=O)C)C)C4CCCC4
C09713578		0	-7.63	-10.307	6	35	484.6	Cc1ccc(cc1)[C@@H]2CC(=NN2C(=O)C[NH+]3CCC(CC3)c4[nH]c5ccccc5n4)c6cccs6
C12602973		0	-7.614	-10.285	6	34	478.7	COC(=O)[C@@H]1Cc2c3ccccc3[nH]c2[C@H]4N1[C@@H](C[C@H](C4)[NH2+]Cc5cccs5)C6CCCCC6
C27099806		0	-7.603	-11.381	9	35	490.5	CCOC(=O)c1ccc(cc1)Oc2c(=O)c3ccc(c(c3oc2C(F)(F)F)C[NH+]4CCC=CC4)O
C38490649		0	-7.599	-10.264	6	33	505.5	C[C@@H]1C[C@@H](CC(C1)(C)C)NC(=O)c2c(n(nn2)c3cc(cc(c3)Cl)Cl)CSc4ncccn4
C39683311		0	-7.515	-11.909	10	32	513.5	CCn1c(c(c(n1)C)Br)C(=O)N2C[C@@H](C3(C2)CC[NH2+]CC3)C(=O)NCCCOCC(C)C
CHEMBL518166		1	-7.497	-10.565	7	37	510.5	Cc1cccc(C)c1\C=C\n4cnc5c(Nc2ccc(P(C)(C)=O)cc2)nc(Oc3cccnc3)nc45
C01245430		0	-7.489	-10.991	8	39	559.7	CC(C)[C@@H]1Cc2c(sc3c2c(=O)n(c4n3c(nn4)SCC(=O)Nc5ccccc5)CCc6ccccc6)CO1
C02203482		0	-7.483	-11.857	11	35	479.6	CCOc1cc(ccc1O)[C@@H]2c3c(n[nH]c3C(=O)N2CCCOC(C)C)c4cc(cc(c4O)C)C
C35671686		0	-7.481	-9.23	4	29	448.0	c1cc(ccc1[C@H](Cn2cnc3c4c(sc3c2=O)SCC(=O)N4)[NH+]5CCCC5)Cl
C36525839		0	-7.447	-12.454	13	36	518.6	Cc1ccc(cc1)S(=O)(=O)CNC(=O)[C@@H](c2c(cc(cc2O)O)O)N(C)C(=O)CCC3CCCCC3
C39675833		0	-7.442	-10.922	8	34	507.1	C[NH+](C)[C@H](CNC(=O)[C@H]1CN(CC12CC[NH2+]CC2)C(=O)c3csc(c3OC)Cl)c4ccccc4
C00624375		0	-7.422	-9.374	5	30	489.8	COc1ccccc1N2[C@H](Nc3ccccc3C2=O)c4cc(c(c(c4Cl)Br)O)OC
C32675974		0	-7.362	-10.375	7	35	518.1	CC[NH+]1CCN(CC1)c2ccc(cc2NC(=O)/C=C/c3ccc(cc3)Cl)S(=O)(=O)N4CCCCC4
C40727565		0	-7.338	-9.698	6	26	356.5	CC(C)c1ccc(cc1)Oc2c(c(ncn2)N(C)C3CC[NH+](CC3)C)N
C08062640		0	-7.311	-10.73	8	28	385.5	CC(C)c1ccc(cc1)[C@H](C(C)C)NC(=O)c2cc(c(c(c2)OC)OC)OC
C40561870		0	-7.3	-11.141	9	38	532.1	CCc1ccc2c(c1)c(=O)c3c(o2)C(=O)N([C@H]3c4ccc(cc4)OCc5ccccc5Cl)CCC[NH+](C)C
C02501778		0	-7.259	-8.744	4	33	462.6	Cc1ccc(cc1N2C3=C([C@H](C(=C2N)C#N)c4cc(sc4C)C)C(=O)CC(C3)(C)C)[N+](=O)[O-]
C52714052		0	-7.254	-11.918	5	26	378.6	C1CCC[NH+](CC1)CC2CC[NH+](CC2)CC(=O)Nc3nc4c(s3)CCC4
C05105116		0	-7.25	-8.31	3	25	326.4	c1ccc(cc1)[C@H]2[C@]3(Cc4ccccc4C3=NN2c5ccccc5)O
C33810300		0	-7.249	-9.368	5	31	438.5	CC1(CC2=C([C@H](c3c([nH]c(nc3=O)SCC=C)N2)c4cccc(c4)[N+](=O)[O-])C(=O)C1)C
CHEMBL288441	bosutinib	1	-7.244	-11.056	9	36	530.5	COc4cc(Nc2c(C#N)cnc3cc(OCCCN1CCN(C)CC1)c(OC)cc23)c(Cl)cc4Cl
C20609442		0	-7.241	-10.416	8	33	513.3	CCOC(=O)C1=C(Nc2ccc(cc2[C@]13C(=C(OC3=O)C)C(=O)OCc4ccccc4)Br)N
C08790465		0	-7.235	-8.927	4	35	485.9	COC(=O)c1ccccc1N2C(=O)[C@@H]3Cc4c5ccccc5[nH]c4[C@H](N3C2=O)c6cccc(c6)Cl
C02916572		0	-7.229	-9.342	5	28	493.3	COc1cc(c(cc1OC)OC)[C@@H]2C[C@@H](N=C3N2NC=[NH+]3)c4ccc(cc4)I
C23229268		0	-7.212	-9.742	6	27	368.4	c1ccc(c(c1)C(=O)N(Cc2ccc3c(c2)OCO3)C4CCCC4)[N+](=O)[O-]
C39355179		0	-7.211	-8.686	4	25	381.2	CC1=NC(=O)[C@@H]2[C@H](C(=C(OC2=C1)N)C(=O)OC)c3ccc(c(c3)Cl)Cl
C08868888		0	-7.206	-10.998	9	34	505.7	Cc1ccc2c(c1)sc(n2)N(CCC[NH+](C)C)C(=O)[C@H]3CCCN3S(=O)(=O)c4ccc(cc4)F
C50362212		0	-7.197	-9.09	5	19	395.2	C[C@H]1CCC[C@H](C1)N(C)[C@@H](C[NH3+])c2cc(c(o2)Br)Br
C15834792		0	-7.196	-10.141	8	27	390.5	CCCCn1c(=O)c(c([nH]c1=S)O)C2=NN[C@@H](C2)c3ccc(c(c3)O)OC
C12133768		0	-7.194	-10.558	8	29	445.6	CC1(CCC[C@@H](C1)[NH+]2CCc3c(sc(c3C(=O)OC)S(=O)(=O)NCCOC)C2)C
C06511823		0	-7.183	-12.641	13	38	526.6	CC[NH+](CC)CCN([C@H](c1ccc(cc1)F)C(=O)NC2CCCC2)C(=O)Cn3nc(nn3)c4ccc(o4)C
C34791333		0	-7.166	-9.68	6	35	480.7	CCN1C2=C([C@H](NC1=O)c3ccc(cc3C)C)C(=O)N(C2)[C@H](CC(C)C)C(=O)N4CCC(CC4)C
C11670186		0	-7.101	-9.799	7	24	348.4	C[C@@H](C(=O)N[C@](C)(C#N)C(C)C)Sc1nnc(n1N)c2ccco2
C35166711		0	-7.08	-11.219	10	38	510.6	CC1=C(C(C(=C(N1)C)C(=O)OCc2ccccc2)c3ccc(cc3)NC(=O)C)C(=O)OCc4ccccc4
C56542688		0	-7.079	-11.218	3	23	383.3	c1cc(ccc1NC(=O)NNC(=O)NC2CCCCCCC2)Br
C29031764		0	-7.019	-10.302	8	31	447.0	C[C@H](C(=O)Nc1ccccc1OC)[NH+]2CCN(CC2)[C@@H](c3ccccc3Cl)C(=O)OC
C12731975		0	-7.018	-10.3	8	28	446.0	CCN(CC)S(=O)(=O)c1ccc(c(c1)NS(=O)(=O)c2cccc(c2)Cl)N(C)C
C19898628		0	-7.016	-10.912	10	36	491.6	CCCCOC(=O)C1=C(NC2=C([C@@H]1c3cccc(c3)O)C(=O)C[C@@H](C2)c4ccc(c(c4)OC)OC)C
C09436553		0	-6.982	-8.819	5	28	392.8	CCOc1ccc(cc1)C2=NN=C3[C@@H]2[C@@H](C(=C(O3)N)C#N)c4cccc(c4)Cl
C08858065		0	-6.896	-10.726	10	35	516.7	CCCCCCN1C(=O)/C(=C/c2c(nc3c(cccn3c2=O)C)N4CC[NH+](CC4)CCO)/SC1=S
C03870337		0	-6.894	-8.506	7	22	306.3	c1c(cc(c(c1O)O)O)[C@H]2[C@@H](Cc3c(cc(cc3O2)O)O)O
C50122311		0	-6.887	-9.705	2	20	273.3	c1cc2c(cc1[C@H]3C(=[NH2+])N(C=[NH+]3)C4CC4)OCCCO2
C29432632		0	-6.734	-9.883	8	27	379.5	CCCCC[C@@H](C)NC(=O)CN1C(=O)C2(CCC(CC2)C(C)(C)C)NC1=O
C36604749		0	-6.652	-9.764	8	33	472.0	CC(C)(C)NC(=O)[C@H](c1cc(ccc1Cl)[N+](=O)[O-])N(c2ccccc2)C(=O)C3CCCCC3
C36584725		0	-6.615	-10.095	9	32	440.6	Cc1ccc(c(c1)C)[C@@H](C(=O)NC(C)(C)CC(C)(C)C)N(C(=O)c2ccco2)C(C)(C)C
C10068713		0	-6.56	-10.011	9	32	491.1	C[NH+](C)CCCN(c1nc2c(ccc(c2s1)OC)OC)C(=O)c3c(c4ccccc4s3)Cl
C63156257		0	-6.553	-10.767	11	33	452.5	CC(C)[C@H](C(=O)OC)NC(=O)[C@H](CC1=c2ccccc2=[NH+]C1)NC(=O)OCc3ccccc3
C12385022		0	-6.552	-9.233	3	30	401.5	C[C@H]1CC2=C([C@H](Nc3ccccc3N2)c4c[nH]c5c4cccc5)C(=O)[C@H]1C(=O)OC
C39327227		0	-6.491	-8.199	5	25	338.4	CC(C)c1c2c(n[nH]1)OC(=C([C@@H]2c3ccc(cc3)OC(=O)C)C#N)N
C09564887		0	-6.464	-8.732	6	27	418.6	CSCCn\1c2cc3c(cc2s/c1=N\C(=O)c4ccccc4SC)OCO3
C22278457		0	-6.45	-9.467	4	31	495.3	c1ccc2c(c1)NC(=O)C[C@H](N2C(=O)Cn3cnc4ccc(cc4c3=O)Br)C(F)(F)F
C35913041		0	-6.443	-9.079	7	34	495.7	CC1=C([C@@H](C2=C(N1)C[C@H](CC2=O)c3cccs3)c4ccc(cc4)SC)C(=O)OC[C@@H]5CCCO5
C03769980		0	-6.38	-8.058	5	27	402.5	CNC(=O)C1=c2n(c(=O)/c(=C/C(=O)OC)/s2)C(=C([C@H]1c3cccs3)C#N)N
C21985994		0	-6.323	-9.65	11	27	407.6	CCC[C@@H]1C[C@H]([NH+](C1)C)C(=O)N[C@@H]([C@H]2[C@@H]([C@H]([C@@H]([C@@H](O2)SC)O)O)O)[C@H](C)O
C39123914		0	-6.179	-7.985	5	27	492.6	C[C@@H]1C(=c2c(cc(c(c2=[NH+]1)C(=O)C(Cl)(Cl)Cl)OC)OC)c3ccc(cc3)Br
C63642951		0	-6.113	-10.402	7	30	447.6	CCOC(=O)[C@H]1[C@@H]2CCCCC[C@@H]2S[C@@H]1NC(=O)[C@@H](C)SC3=c4ccccc4=[NH+]C3
C01077403		0	-5.99	-9.843	7	37	500.6	CCOc1cccc(c1)[C@H]2C3=C(C[C@H](CC3=O)c4cc(c(c(c4)OC)OC)OC)Nc5ccccc5N2
C62944719		0	-5.863	-8.434	3	21	283.4	c1ccc2c(c1)CCCN(C2)c3cc(cc[nH+]3)/C(=N\O)/N
C04100837		0	2.045	2.882	8	32	440.5	c1ccc(cc1)CO[C@H]2[C@@H]([C@@H]([C@@H]([C@@H]3[C@@H]2OC4(O3)CCCCC4)OCc5ccccc5)O)O
