mutant,DMS_score,DMS_score_bin
Q2A,-0.89703107,0.0
Q2G,-0.69515675,0.0
Q2M,-0.044004947,1.0
Q2P,-0.9589665,0.0
Q2S,-0.32968473,0.0
Q2T,-0.37202102,0.0
Q2C,-0.44225523,0.0
I3T,-0.115326144,1.0
I3A,-0.19223641,1.0
I3C,-0.03472715,1.0
I3L,0.012228225,1.0
I3M,0.007471288,1.0
I3N,-1.0271559,0.0
I3Q,-0.8885513,0.0
I3R,-0.32861578,0.0
I3S,-0.34661165,0.0
I3G,-1.0421606,0.0
I3E,-0.99182934,0.0
I3V,0.033165988,1.0
F4Y,-0.35201737,0.0
F4W,-0.3401148,0.0
F4T,-0.63066137,0.0
F4S,-0.7100812,0.0
F4Q,-0.7294763,0.0
F4P,-0.8380384,0.0
F4N,-0.7962138,0.0
F4M,-0.051247463,1.0
F4L,-0.073234245,1.0
F4H,-0.48209402,0.0
F4G,-0.5502721,0.0
F4D,-0.6525104,0.0
F4I,-0.28689063,0.0
F4A,-0.6133583,0.0
F4C,-0.38284427,0.0
V5I,-0.02832774,1.0
V5D,-1.1024425,0.0
V5F,-0.15300767,1.0
V5L,-0.04844958,1.0
V5C,-0.017212443,1.0
V5G,-0.8950555,0.0
V5S,-0.5144017,0.0
V5A,-0.03869013,1.0
V5T,-0.115842044,1.0
V5Y,-0.14095636,1.0
V5M,-0.08327122,1.0
K6P,-1.15003,0.0
K6Q,-0.057020962,1.0
K6R,-0.052950434,1.0
K6S,-0.09389223,1.0
K6T,-0.10722658,1.0
K6L,-0.35841718,0.0
K6W,-0.89364815,0.0
K6V,-0.10839249,1.0
K6G,-0.12962312,1.0
K6I,-0.33314034,0.0
K6H,-0.1053109,1.0
K6N,-0.13927816,1.0
K6F,-0.61498374,0.0
K6E,-0.7349443,0.0
K6C,-0.48304808,0.0
K6A,-0.106336035,1.0
K6Y,-0.18928292,1.0
K6M,-0.18192846,1.0
T7I,-0.7529591,0.0
T7F,-0.8913555,0.0
T7P,-0.34725136,0.0
T7R,-0.7964898,0.0
T7S,-0.01594867,1.0
T7V,-0.48684415,0.0
T7Y,-1.0815952,0.0
T7D,-0.93724555,0.0
T7C,-0.076225504,1.0
T7A,-0.009355666,1.0
T7N,-0.08005926,1.0
T7M,-0.44805065,0.0
T7G,-0.14569393,1.0
T7H,-0.37071118,0.0
T7L,-0.4954942,0.0
T7Q,-0.48540577,0.0
T7E,-0.3894474,0.0
L8S,-0.6525881,0.0
L8M,-0.34231243,0.0
L8N,-0.5362145,0.0
L8P,-0.87317514,0.0
L8R,-0.62022275,0.0
L8H,-0.8565618,0.0
L8T,-0.9086172,0.0
L8V,-0.15603884,1.0
L8W,-1.1136477,0.0
L8Y,-0.6855116,0.0
L8G,-0.6231345,0.0
L8F,-0.5889366,0.0
L8K,-0.80518764,0.0
L8E,-0.67982703,0.0
L8A,-0.6621573,0.0
L8C,-0.94342476,0.0
L8I,-0.07036627,1.0
T9G,-0.12307182,1.0
T9W,-1.1167904,0.0
T9A,-0.018508311,1.0
T9V,-0.0585348,1.0
T9S,-0.042506337,1.0
T9R,-0.44715554,0.0
T9Q,-0.036131907,1.0
T9P,-0.20500985,0.0
T9N,-0.06807476,1.0
T9M,-0.073948294,1.0
T9L,-0.08420193,1.0
T9K,-1.1571242,0.0
T9Y,-0.92347556,0.0
T9F,-0.95154774,0.0
T9D,-0.6207278,0.0
T9C,-0.05507242,1.0
T9I,-0.10792346,1.0
T9H,-0.15331466,1.0
G10A,-0.47187448,0.0
G10C,-0.5393061,0.0
G10D,-0.7303078,0.0
G10E,-0.7563168,0.0
G10H,-0.5208156,0.0
G10K,-1.0515312,0.0
G10L,-0.682992,0.0
G10N,-0.11549314,1.0
G10P,-0.959674,0.0
G10Q,-0.38071314,0.0
G10R,-0.71149737,0.0
G10T,-0.8514077,0.0
G10S,-0.49986282,0.0
K11Y,-0.683599,0.0
K11L,-0.16633663,1.0
K11I,-0.33191472,0.0
K11H,-0.0673008,1.0
K11G,-0.06690694,1.0
K11N,-0.05437039,1.0
K11F,-0.4704118,0.0
K11E,-0.88655823,0.0
K11D,-0.62755615,0.0
K11C,-0.12494149,1.0
K11P,-0.45412022,0.0
K11Q,-0.056066785,1.0
K11R,-0.059448738,1.0
K11S,-0.03287867,1.0
K11T,-0.033951305,1.0
K11V,-0.30634907,0.0
K11W,-1.0253991,0.0
K11A,-0.048673786,1.0
K11M,-0.060448315,1.0
T12I,-0.5387005,0.0
T12F,-0.917513,0.0
T12Y,-0.093985826,1.0
T12S,-0.0068199467,1.0
T12P,-0.56221503,0.0
T12N,-0.33348367,0.0
T12H,-0.19932178,1.0
T12C,-0.0750124,1.0
T12A,-0.41307127,0.0
I13H,-0.471068,0.0
I13K,-0.1368682,1.0
I13M,0.021974267,1.0
I13N,-0.059543315,1.0
I13P,-0.86772984,0.0
I13D,-0.17174917,1.0
I13C,-0.14832981,1.0
I13A,-0.14029695,1.0
I13L,-0.0058768615,1.0
I13Q,-0.18571545,1.0
I13R,-0.17659624,1.0
I13S,-0.060568873,1.0
I13T,0.00423007,1.0
I13V,-0.018074745,1.0
I13W,-0.7468058,0.0
I13Y,-0.37284926,0.0
I13G,-0.12506858,1.0
I13E,-0.17155719,1.0
T14V,-0.03234844,1.0
T14I,-0.16387904,1.0
T14A,0.003678972,1.0
T14G,-0.011534481,1.0
T14K,-0.5132699,0.0
T14L,-0.49387127,0.0
T14P,-0.16229594,1.0
T14R,-0.37858772,0.0
T14S,0.008472068,1.0
T14C,-0.0028252362,1.0
L15A,-0.011425594,1.0
L15C,0.010588162,1.0
L15D,-0.91142446,0.0
L15E,-0.20737462,0.0
L15T,0.0007991203,1.0
L15F,-0.0030098455,1.0
L15G,-0.9590555,0.0
L15H,-0.4575139,0.0
L15I,0.009513827,1.0
L15M,-0.015353746,1.0
L15N,-1.4453826,0.0
L15P,-0.44032916,0.0
L15Y,-0.028849015,1.0
L15W,-0.57450575,0.0
L15V,0.017144982,1.0
L15S,-0.37868252,0.0
L15Q,-0.068324514,1.0
L15R,-0.6620168,0.0
E16S,0.013115742,1.0
E16Y,-0.03411167,1.0
E16W,-0.026691569,1.0
E16V,-0.014906043,1.0
E16T,0.0012785315,1.0
E16R,-0.017882673,1.0
E16Q,0.0050406577,1.0
E16P,0.0071311956,1.0
E16N,0.0034440495,1.0
E16M,-0.00043922337,1.0
E16L,-0.00057879905,1.0
E16K,0.016613465,1.0
E16I,-0.01850058,1.0
E16D,0.0036216462,1.0
E16A,-0.0004777927,1.0
E16H,0.004897662,1.0
E16G,0.0037309325,1.0
E16F,-0.027946578,1.0
E16C,-0.015367184,1.0
V17T,0.0029642747,1.0
V17S,-0.0022047434,1.0
V17R,-0.9192215,0.0
V17Q,-0.034096483,1.0
V17P,-0.06587599,1.0
V17N,-0.089030735,1.0
V17Y,0.020693395,1.0
V17A,0.02054898,1.0
V17M,0.002540399,1.0
V17L,0.0008685952,1.0
V17K,-1.3378174,0.0
V17I,-0.024844756,1.0
V17H,-0.029004868,1.0
V17G,-0.011478383,1.0
V17F,-0.05033762,1.0
V17E,-0.48143256,0.0
V17D,-0.947176,0.0
V17C,0.01831769,1.0
V17W,-0.57992595,0.0
E18Y,-0.018493725,1.0
E18K,0.016316876,1.0
E18S,0.016135888,1.0
E18N,0.020929195,1.0
E18P,-0.007867355,1.0
E18Q,0.019705815,1.0
E18R,0.006930524,1.0
E18V,0.024485614,1.0
E18T,0.01563179,1.0
E18I,0.023187624,1.0
E18W,-0.04767994,1.0
E18H,0.018145572,1.0
E18L,0.019125972,1.0
E18G,0.011211545,1.0
E18F,-0.032981664,1.0
E18D,0.016948536,1.0
E18C,0.0076541053,1.0
E18A,0.019883066,1.0
E18M,0.016233752,1.0
S19G,-0.0006677714,1.0
S19Y,-0.0050196233,1.0
S19W,-0.053055685,1.0
S19V,0.004387806,1.0
S19T,0.006973944,1.0
S19R,-0.007479525,1.0
S19Q,0.0037880535,1.0
S19F,-0.021359287,1.0
S19P,0.0031457613,1.0
S19K,-0.018479565,1.0
S19H,0.007177866,1.0
S19D,-0.00010886682,1.0
S19E,-0.0024219244,1.0
S19N,0.007766865,1.0
S19M,-0.0055050394,1.0
S19L,0.0026130879,1.0
S19C,0.0042097433,1.0
S19A,0.011759839,1.0
S19I,-0.0111612305,1.0
S20Y,0.012462509,1.0
S20W,-0.03290443,1.0
S20V,0.009025886,1.0
S20T,0.020730147,1.0
S20R,0.017993847,1.0
S20Q,0.0037318685,1.0
S20P,-0.04099382,1.0
S20N,0.010957111,1.0
S20M,0.022828883,1.0
S20L,0.0173348,1.0
S20K,0.022078555,1.0
S20I,0.012009075,1.0
S20H,0.018175064,1.0
S20G,0.01854498,1.0
S20F,0.0015331057,1.0
S20E,-0.004080866,1.0
S20D,0.0033678175,1.0
S20C,0.02693591,1.0
S20A,0.004655623,1.0
D21Y,-0.03655331,1.0
D21M,-0.0010117206,1.0
D21L,-0.054124758,1.0
D21S,0.00023335028,1.0
D21I,-0.055433415,1.0
D21T,-0.012264442,1.0
D21V,-0.087982915,1.0
D21W,-0.049159218,1.0
D21K,-0.22010283,0.0
D21P,-1.0415784,0.0
D21N,0.026153557,1.0
D21Q,-0.01799897,1.0
D21R,-0.31703785,0.0
D21C,0.0011313302,1.0
D21H,-0.022180902,1.0
D21G,-0.066941164,1.0
D21F,-0.059822086,1.0
D21E,-0.0004110367,1.0
D21A,0.0039627105,1.0
T22S,-0.046935532,1.0
T22V,-0.0676634,1.0
T22W,-0.17928751,1.0
T22Y,-0.08638245,1.0
T22R,-0.05156776,1.0
T22Q,-0.12649219,1.0
T22P,-0.064907216,1.0
T22N,-0.039112948,1.0
T22L,-0.10113123,1.0
T22K,-0.041657027,1.0
T22H,-0.06473759,1.0
T22G,-0.070083365,1.0
T22F,-0.12421612,1.0
T22E,-0.093328744,1.0
T22D,-0.039592918,1.0
T22C,-0.08737333,1.0
T22A,-0.05256552,1.0
T22M,-0.06471645,1.0
T22I,-0.047568526,1.0
I23V,-0.024970228,1.0
I23W,-1.3942146,0.0
I23C,-0.027830133,1.0
I23R,-0.21311836,0.0
I23Q,-0.22916952,0.0
I23P,-0.057570368,1.0
I23N,-0.6641672,0.0
I23M,-0.010779713,1.0
I23L,0.0068249954,1.0
I23H,-0.6565446,0.0
I23G,-0.2454396,0.0
I23F,-0.084235854,1.0
I23E,-0.6880543,0.0
I23A,-0.043716203,1.0
I23S,-0.08314077,1.0
I23T,-0.024495339,1.0
D24W,-0.23819968,0.0
D24V,-0.03054521,1.0
D24M,-0.051613495,1.0
D24N,-0.031381086,1.0
D24L,-0.10641948,1.0
D24A,-0.043167114,1.0
D24C,-0.023256103,1.0
D24E,-0.022268087,1.0
D24F,-0.13851447,1.0
D24G,-0.042773124,1.0
D24H,-0.08522622,1.0
D24I,-0.045926996,1.0
D24K,-0.18090776,1.0
D24P,-0.09467926,1.0
D24Q,-0.085133165,1.0
D24Y,-0.12435451,1.0
D24T,-0.018291086,1.0
D24S,-0.02579996,1.0
D24R,-0.15093327,1.0
N25P,-1.0879363,0.0
N25E,-0.0001870333,1.0
N25F,-0.06508539,1.0
N25C,-0.017984686,1.0
N25A,-0.014312554,1.0
N25Y,-0.06372369,1.0
N25Q,-0.013718751,1.0
N25D,0.008176669,1.0
N25V,-0.023426758,1.0
N25T,-0.014720058,1.0
N25G,-0.015584845,1.0
N25H,-0.023512164,1.0
N25S,-0.031691916,1.0
N25R,-0.014947927,1.0
N25K,-0.017199082,1.0
N25L,-0.048071705,1.0
N25M,-0.018937308,1.0
N25W,-0.07910455,1.0
N25I,-0.03232511,1.0
V26A,-0.10472136,1.0
V26C,-0.015493013,1.0
V26F,-0.35801888,0.0
V26I,-0.023193372,1.0
V26L,-0.023722786,1.0
V26M,-0.038623836,1.0
V26R,-0.6138803,0.0
V26T,-0.052530155,1.0
K27R,-0.027549705,1.0
K27Y,-0.2571967,0.0
K27W,-0.53430575,0.0
K27A,-0.1618212,1.0
K27C,-0.1575948,1.0
K27V,-0.7566863,0.0
K27F,-0.31761986,0.0
K27G,-0.115437165,1.0
K27H,-0.1792827,1.0
K27I,-0.5678942,0.0
K27L,-0.8377673,0.0
K27M,-0.3115866,0.0
K27N,-0.80013657,0.0
K27T,-0.19851008,1.0
K27Q,-0.075152785,1.0
K27S,-0.42418158,0.0
K27E,-0.78228563,0.0
S28D,-0.009341417,1.0
S28C,-0.018000668,1.0
S28E,-0.060188033,1.0
S28F,-0.19183803,1.0
S28G,-0.05048513,1.0
S28H,-0.0023594126,1.0
S28I,-0.11578072,1.0
S28K,-0.028215658,1.0
S28L,-0.059644554,1.0
S28M,-0.027160585,1.0
S28N,-0.018481446,1.0
S28P,-0.42250478,0.0
S28Q,-0.016689371,1.0
S28R,-0.05017743,1.0
S28T,-0.0029823934,1.0
S28V,-0.050480332,1.0
S28W,-0.08917635,1.0
S28Y,-0.07068518,1.0
S28A,-0.020358825,1.0
K29W,-0.031263173,1.0
K29V,-0.020676145,1.0
K29T,-0.015049472,1.0
K29S,0.0021696852,1.0
K29R,-0.009033324,1.0
K29Q,0.008864289,1.0
K29Y,0.023881653,1.0
K29A,0.020551164,1.0
K29L,-0.010561128,1.0
K29I,-0.016730044,1.0
K29H,0.004394594,1.0
K29G,-0.013324293,1.0
K29F,-0.011310013,1.0
K29C,0.014977079,1.0
K29M,-0.017687164,1.0
K29N,0.019519346,1.0
I30R,-0.500083,0.0
I30F,-0.09956371,1.0
I30T,-0.27496785,0.0
I30S,-0.3661086,0.0
I30P,-0.13389458,1.0
I30M,-0.009933202,1.0
I30L,0.026796123,1.0
I30C,-0.10292883,1.0
I30A,-0.58062094,0.0
I30V,0.011623332,1.0
I30Y,-0.16781025,1.0
Q31N,0.04364276,1.0
Q31D,0.045907278,1.0
Q31E,0.029415352,1.0
Q31F,-0.047431614,1.0
Q31G,0.017542796,1.0
Q31H,0.030457899,1.0
Q31A,-0.030250965,1.0
Q31I,-0.12167315,1.0
Q31K,-0.0055683902,1.0
Q31Y,-0.02481389,1.0
Q31W,-0.019692248,1.0
Q31V,-0.0045581283,1.0
Q31T,-0.016517455,1.0
Q31L,0.022440642,1.0
Q31R,0.002679179,1.0
Q31P,-0.94085807,0.0
Q31M,0.002714913,1.0
Q31S,-0.028764289,1.0
Q31C,-0.023264319,1.0
D32H,-0.11905669,1.0
D32Q,-0.09328672,1.0
D32P,-0.71515507,0.0
D32N,-0.095589496,1.0
D32M,-0.10732625,1.0
D32L,-0.2058955,0.0
D32K,-0.19759314,1.0
D32I,-0.23202686,0.0
D32A,-0.068055205,1.0
D32R,-0.26785216,0.0
D32V,-0.17341612,1.0
D32T,-0.12065743,1.0
D32S,-0.08985433,1.0
D32G,-0.11996554,1.0
D32F,-0.2050848,0.0
D32E,0.0145967975,1.0
D32C,-0.12528048,1.0
D32Y,-0.17354122,1.0
K33G,-0.06278447,1.0
K33I,-0.028506408,1.0
K33L,-0.06782338,1.0
K33M,-0.06858915,1.0
K33N,-0.06488783,1.0
K33P,-0.96519357,0.0
K33Q,-0.05961054,1.0
K33R,-0.101605885,1.0
K33S,-0.035274442,1.0
K33T,-0.028724905,1.0
K33V,-0.02216422,1.0
K33W,-0.11457238,1.0
K33Y,-0.0837055,1.0
K33F,-0.10890772,1.0
K33E,-0.09860448,1.0
K33H,-0.036634985,1.0
K33C,-0.043695603,1.0
K33A,-0.028808521,1.0
K33D,-0.0884008,1.0
E34T,-0.13912855,1.0
E34G,0.0062545803,1.0
E34F,-0.8853111,0.0
E34D,-4.1966654e-05,1.0
E34K,-0.17776078,1.0
E34L,-0.4963142,0.0
E34M,-0.08647468,1.0
E34N,-0.034832586,1.0
E34Q,-0.027005069,1.0
E34C,-0.0908022,1.0
E34A,0.001310015,1.0
E34R,-0.5947765,0.0
E34S,-0.00049111503,1.0
E34I,-0.3054338,0.0
E34P,-0.7968054,0.0
E34H,-0.06601445,1.0
E34V,-0.0797528,1.0
E34Y,-0.66766936,0.0
G35Y,-0.23539716,0.0
G35W,-0.36356264,0.0
G35A,-0.01522038,1.0
G35V,-0.14637877,1.0
G35T,-0.21908358,0.0
G35S,-0.07441888,1.0
G35Q,-0.100302145,1.0
G35P,-0.47702342,0.0
G35R,-0.16472302,1.0
G35M,-0.13249815,1.0
G35L,-0.20444292,0.0
G35K,-0.1607226,1.0
G35I,-0.17731878,1.0
G35H,-0.12820664,1.0
G35F,-0.18988556,1.0
G35E,-0.1878168,1.0
G35D,-0.34086293,0.0
G35N,-0.056952856,1.0
G35C,-0.08327725,1.0
I36R,-0.92437744,0.0
I36W,-0.6728216,0.0
I36Y,-1.0301939,0.0
I36V,0.011577473,1.0
I36T,-0.18840937,1.0
I36S,-0.63089174,0.0
I36P,-0.62480074,0.0
I36M,0.0049216994,1.0
I36L,0.009952755,1.0
I36H,-0.49080586,0.0
I36G,-0.8132831,0.0
I36C,-0.16389456,1.0
I36Q,-0.20854004,0.0
I36A,-0.72837806,0.0
P37N,0.017554063,1.0
P37H,-0.0012407314,1.0
P37I,-0.008140687,1.0
P37K,0.05323377,1.0
P37L,0.0033809692,1.0
P37M,0.008273049,1.0
P37G,0.019931186,1.0
P37R,-0.009271749,1.0
P37S,0.033191413,1.0
P37T,0.017159276,1.0
P37V,-0.005297564,1.0
P37W,-0.15163685,1.0
P37Y,-0.11452631,1.0
P37D,0.014991241,1.0
P37E,0.006514983,1.0
P37Q,0.026225269,1.0
P37F,-0.111058466,1.0
P37A,0.02941433,1.0
P37C,0.0044786264,1.0
P38Q,0.03378694,1.0
P38Y,0.014866424,1.0
P38W,0.011661685,1.0
P38V,0.034878466,1.0
P38T,0.0316082,1.0
P38S,0.025992107,1.0
P38R,0.027820922,1.0
P38N,0.010609954,1.0
P38M,0.034404945,1.0
P38L,0.04635798,1.0
P38K,0.03225971,1.0
P38I,0.03402708,1.0
P38H,0.03646587,1.0
P38F,0.01475498,1.0
P38E,0.04480927,1.0
P38G,0.024149545,1.0
P38C,0.021581916,1.0
P38A,0.024519896,1.0
P38D,0.025189703,1.0
D39E,0.028891899,1.0
D39F,-0.093465835,1.0
D39G,-0.009223438,1.0
D39H,-0.026688369,1.0
D39Y,-0.0899084,1.0
D39W,-0.14366959,1.0
D39V,-0.025730329,1.0
D39R,-0.16822895,1.0
D39P,-0.0041424925,1.0
D39N,-0.017037429,1.0
D39M,-0.03874142,1.0
D39L,-0.018723836,1.0
D39K,-0.091657035,1.0
D39I,-0.048278544,1.0
D39C,-0.025177851,1.0
D39S,0.0019214886,1.0
D39A,-0.003950422,1.0
D39Q,-0.0013530964,1.0
Q40V,-0.08479567,1.0
Q40D,-0.29511458,0.0
Q40E,-0.12583329,1.0
Q40F,-0.21161668,0.0
Q40G,-0.07165392,1.0
Q40H,-0.029645681,1.0
Q40I,-0.14357206,1.0
Q40C,-0.18080486,1.0
Q40L,-0.1815428,1.0
Q40Y,-0.24343602,0.0
Q40T,-0.0060451804,1.0
Q40S,-0.04838785,1.0
Q40R,-0.22861205,0.0
Q40P,-0.6955141,0.0
Q40N,-0.036418773,1.0
Q40K,-0.18108557,1.0
Q40A,-0.039961576,1.0
Q40M,-0.16434135,1.0
Q41M,-0.043679018,1.0
Q41S,-0.0017941378,1.0
Q41T,-0.21374346,0.0
Q41V,-0.19314827,1.0
Q41Y,-0.6687638,0.0
Q41N,-0.21966255,0.0
Q41P,-1.123911,0.0
Q41A,0.015681813,1.0
Q41C,-0.007345081,1.0
Q41D,-0.58695644,0.0
Q41E,-0.73082787,0.0
Q41F,-0.45893273,0.0
Q41G,-0.152855,1.0
Q41H,-0.5799312,0.0
Q41I,-0.08855448,1.0
Q41L,-0.08122894,1.0
Q41R,-0.84945256,0.0
R42S,-0.7424384,0.0
R42A,-0.43068177,0.0
R42H,-0.58155805,0.0
R42C,-0.3730178,0.0
R42G,-0.73070574,0.0
R42F,-0.82186365,0.0
R42W,-1.0818098,0.0
R42V,-0.4871834,0.0
R42Y,-0.5263664,0.0
R42E,-0.9086302,0.0
R42Q,-0.6659545,0.0
R42P,-1.2196198,0.0
R42I,-0.7634327,0.0
R42N,-0.5443846,0.0
R42L,-0.9628712,0.0
R42D,-0.6765865,0.0
R42T,-0.8498163,0.0
L43C,-0.18149804,1.0
L43Y,-0.30255508,0.0
L43W,-0.84894955,0.0
L43V,-0.031924665,1.0
L43R,-0.9389902,0.0
L43M,0.0137910135,1.0
L43I,-0.009067113,1.0
L43A,-0.8766325,0.0
L43F,-0.1315702,1.0
I44A,-0.8412587,0.0
I44C,-0.2405841,0.0
I44D,-0.7027287,0.0
I44E,-1.0650594,0.0
I44F,-0.91567135,0.0
I44G,-0.88812685,0.0
I44K,-0.97348183,0.0
I44L,-0.02320765,1.0
I44H,-1.0813874,0.0
I44Y,-1.2384319,0.0
I44W,-0.7892694,0.0
I44T,-0.91637504,0.0
I44V,-0.05671364,1.0
I44R,-0.8809435,0.0
I44Q,-0.99816924,0.0
I44N,-0.87689537,0.0
I44M,-0.31010348,0.0
I44S,-0.91194993,0.0
F45A,0.011673863,1.0
F45C,-0.0043605063,1.0
F45D,-0.9329362,0.0
F45E,-0.939479,0.0
F45G,-0.0752902,1.0
F45H,-0.012919988,1.0
F45I,-0.05255286,1.0
F45K,-0.6656276,0.0
F45M,-0.07237166,1.0
F45N,-0.038594626,1.0
F45Q,-0.09606156,1.0
F45S,-0.003974346,1.0
F45T,-0.05113903,1.0
F45V,-0.04576681,1.0
F45W,-0.023685914,1.0
F45Y,-0.0011828556,1.0
F45L,-0.1364437,1.0
F45R,-0.15455042,1.0
A46C,-0.039466757,1.0
A46L,-0.61021024,0.0
A46S,-0.014060984,1.0
A46R,-0.45945346,0.0
A46Q,-0.45237947,0.0
A46P,-0.7079857,0.0
A46N,-0.14982495,1.0
A46M,-0.32894716,0.0
A46W,-0.14539187,1.0
A46K,-1.0742993,0.0
A46I,-0.23086005,0.0
A46H,-0.1250868,1.0
A46G,-0.04236689,1.0
A46F,-0.4610216,0.0
A46E,-0.7041939,0.0
A46D,-0.51049536,0.0
A46Y,-0.40603817,0.0
A46T,-0.05001641,1.0
A46V,-0.23644176,0.0
G47A,-0.2132534,0.0
G47E,-0.5756164,0.0
G47Q,-0.580866,0.0
G47S,-0.22452135,0.0
K48N,-0.7867129,0.0
K48P,-0.92200756,0.0
K48Y,-0.9236213,0.0
K48V,-0.9216659,0.0
K48T,-1.01044,0.0
K48S,-0.8883703,0.0
K48R,-0.9280937,0.0
K48Q,-0.9406003,0.0
K48W,-1.442182,0.0
K48M,-0.91900986,0.0
K48L,-1.0112002,0.0
K48I,-0.951505,0.0
K48H,-1.0676602,0.0
K48G,-0.85372853,0.0
K48F,-1.5202624,0.0
K48E,-1.0809202,0.0
K48D,-0.89891607,0.0
K48C,-0.9702428,0.0
K48A,-0.935873,0.0
Q49A,-0.07531849,1.0
Q49C,-0.2927942,0.0
Q49G,-0.04342332,1.0
Q49S,-0.073773086,1.0
Q49K,-0.3629263,0.0
Q49L,-0.9073498,0.0
Q49M,-0.72760767,0.0
Q49N,-0.0967306,1.0
Q49P,-0.8797296,0.0
Q49T,-0.5840783,0.0
Q49H,-0.18258964,1.0
L50M,-5.5166856e-06,1.0
L50I,-0.050225347,1.0
L50C,-0.58372366,0.0
L50A,-0.6803135,0.0
L50V,-0.039313186,1.0
L50T,-0.38164818,0.0
E51Q,0.027518181,1.0
E51Y,-0.1626461,1.0
E51W,-0.22124393,0.0
E51V,-0.010861625,1.0
E51C,-0.057612564,1.0
E51D,0.059179954,1.0
E51F,-0.07194381,1.0
E51G,-0.01671411,1.0
E51H,-0.03618056,1.0
E51I,-0.026602848,1.0
E51K,-0.3815566,0.0
E51L,-0.04728181,1.0
E51M,-0.034823976,1.0
E51T,-0.04251476,1.0
E51P,-0.13530615,1.0
E51S,-0.061663195,1.0
E51N,0.012504719,1.0
E51R,-0.49250436,0.0
E51A,-0.057149403,1.0
D52R,0.0144064715,1.0
D52W,-0.08538913,1.0
D52V,0.021347564,1.0
D52T,0.036294583,1.0
D52S,0.02221831,1.0
D52Q,0.025096921,1.0
D52P,0.031905416,1.0
D52N,0.016237207,1.0
D52M,0.016241882,1.0
D52L,0.03279316,1.0
D52K,0.01110169,1.0
D52I,-0.007122616,1.0
D52H,0.02608729,1.0
D52G,0.042818706,1.0
D52F,-0.05574994,1.0
D52E,0.032061882,1.0
D52C,0.011181879,1.0
D52A,0.035453707,1.0
D52Y,-0.0339688,1.0
G53T,0.042381793,1.0
G53C,0.041977927,1.0
G53A,0.047325376,1.0
G53W,0.008681925,1.0
G53V,0.038602877,1.0
G53Y,0.0078522265,1.0
G53S,0.042204756,1.0
G53D,0.0501687,1.0
G53R,0.051727112,1.0
G53I,0.033468783,1.0
G53K,0.06491996,1.0
G53L,0.0327597,1.0
G53M,0.042245895,1.0
G53N,0.055412132,1.0
G53P,0.035432167,1.0
G53Q,0.056358904,1.0
G53H,0.041965265,1.0
G53F,0.034227226,1.0
G53E,0.05819573,1.0
R54C,-0.021058608,1.0
R54G,0.0046859253,1.0
R54A,0.0055551766,1.0
R54D,-0.094204895,1.0
R54L,0.0038634469,1.0
R54V,0.024015334,1.0
R54T,0.0032556148,1.0
R54S,-0.005569876,1.0
R54Q,-0.009485434,1.0
R54P,0.014350728,1.0
R54N,-0.008818968,1.0
R54M,-0.001032061,1.0
R54Y,0.002090988,1.0
R54K,-0.020281078,1.0
R54I,0.020259986,1.0
R54E,-0.08329067,1.0
R54H,-0.022203842,1.0
R54F,-0.0068324525,1.0
T55C,0.010692887,1.0
T55D,-0.0340421,1.0
T55A,0.031471226,1.0
T55Y,-0.0076070623,1.0
T55P,0.00032848833,1.0
T55G,-0.026573503,1.0
T55H,0.02605322,1.0
T55I,0.0018021569,1.0
T55K,0.009516519,1.0
T55L,-0.01064209,1.0
T55M,-0.0071520684,1.0
T55N,0.0072100656,1.0
T55Q,9.162242e-05,1.0
T55R,0.028130312,1.0
T55S,0.021134203,1.0
T55V,0.0030271981,1.0
T55W,-0.105262816,1.0
T55F,-0.009971212,1.0
T55E,0.0028629785,1.0
L56F,-0.027502436,1.0
L56I,-0.0038942122,1.0
L56W,-0.66599536,0.0
L56V,0.007172737,1.0
L56T,-0.30894712,0.0
L56P,-0.5651539,0.0
L56M,-0.0164124,1.0
L56A,-0.3996932,0.0
L56C,-0.033291083,1.0
S57C,-0.0037626477,1.0
S57Y,-0.009635703,1.0
S57W,-0.0654316,1.0
S57V,-0.0075895227,1.0
S57T,0.02418918,1.0
S57R,0.024056556,1.0
S57Q,0.028868293,1.0
S57P,-0.076159954,1.0
S57L,0.016624155,1.0
S57A,0.0051955734,1.0
S57M,0.011361313,1.0
S57D,-0.006546509,1.0
S57E,0.01805208,1.0
S57F,0.003127728,1.0
S57G,0.0095592765,1.0
S57H,0.024611276,1.0
S57I,0.009916689,1.0
S57K,0.008679608,1.0
S57N,-0.004632334,1.0
D58M,-0.50357705,0.0
D58A,0.00407048,1.0
D58C,0.025028467,1.0
D58E,-0.07003178,1.0
D58F,-0.58942217,0.0
D58G,-0.07897858,1.0
D58H,-0.45527074,0.0
D58I,-0.31226936,0.0
D58Y,-0.22694483,0.0
D58W,-0.13725369,1.0
D58V,-0.20167154,0.0
D58T,-0.04924388,1.0
D58S,-0.109992154,1.0
D58K,-0.09895151,1.0
D58Q,-0.12574288,1.0
D58N,-0.0484242,1.0
D58L,-0.34917367,0.0
D58R,-0.23206758,0.0
Y59W,-0.02516949,1.0
Y59A,-0.3762977,0.0
Y59C,-0.03471524,1.0
Y59E,-0.6293712,0.0
Y59F,0.015426358,1.0
Y59H,0.021689212,1.0
Y59I,-0.5800326,0.0
Y59L,-0.23664527,0.0
Y59M,-0.102740444,1.0
Y59N,-0.06432054,1.0
Y59P,-0.87092304,0.0
Y59Q,-0.21617442,0.0
Y59S,-0.118280254,1.0
Y59T,-1.2449389,0.0
Y59V,-0.2892308,0.0
N60F,-0.16826597,1.0
N60G,-0.03144751,1.0
N60C,-0.03460281,1.0
N60A,-0.0061251502,1.0
N60D,-0.015838038,1.0
N60E,-0.43107525,0.0
N60Y,-0.24364938,0.0
N60T,-0.054768253,1.0
N60S,-0.010592594,1.0
N60R,-0.027642239,1.0
N60V,-0.04776337,1.0
N60P,-0.27558067,0.0
N60M,-0.10462209,1.0
N60L,-0.15312597,1.0
N60K,-0.041940123,1.0
N60I,-0.18715511,1.0
N60H,0.023190841,1.0
N60Q,-0.07547161,1.0
I61K,-0.5206193,0.0
I61D,-0.6962707,0.0
I61E,-0.32156307,0.0
I61F,-0.15218689,1.0
I61G,-0.4122477,0.0
I61S,-0.6031333,0.0
I61L,-0.0059642443,1.0
I61H,-0.5248855,0.0
I61P,-0.78480303,0.0
I61Q,-0.6404562,0.0
I61W,-0.5758523,0.0
I61V,0.014680979,1.0
I61T,-0.571773,0.0
I61C,-0.022305662,1.0
I61M,-0.0074237995,1.0
I61A,-0.24275434,0.0
I61R,-0.5039128,0.0
Q62T,0.030923484,1.0
Q62A,0.012704699,1.0
Q62Y,0.014892991,1.0
Q62W,-0.05983862,1.0
Q62S,0.0232817,1.0
Q62C,-0.00055377267,1.0
Q62D,0.0034144968,1.0
Q62E,0.015094662,1.0
Q62F,-0.0144121805,1.0
Q62G,0.007693686,1.0
Q62I,0.04665982,1.0
Q62H,0.03116057,1.0
Q62L,0.018190231,1.0
Q62M,0.0061490084,1.0
Q62N,0.027714524,1.0
Q62P,-0.018005062,1.0
Q62R,-0.0029492932,1.0
Q62V,0.0446278,1.0
Q62K,0.014577503,1.0
K63C,-0.035059866,1.0
K63A,-0.047526933,1.0
K63Y,-0.06391654,1.0
K63D,-0.063940614,1.0
K63E,-0.059950348,1.0
K63W,-0.08327712,1.0
K63V,-0.050180502,1.0
K63G,-0.04700996,1.0
K63F,-0.06785998,1.0
K63I,-0.050465614,1.0
K63L,-0.027475812,1.0
K63T,-0.034870286,1.0
K63S,-0.04959569,1.0
K63R,-0.060441162,1.0
K63Q,-0.037353773,1.0
K63M,-0.024873951,1.0
K63P,-0.044848084,1.0
K63N,-0.022731043,1.0
K63H,-0.029453821,1.0
E64Y,-0.052637234,1.0
E64W,-0.059089936,1.0
E64V,-0.056913845,1.0
E64T,-0.002172343,1.0
E64S,-0.013630336,1.0
E64Q,0.058468893,1.0
E64P,-0.22383821,0.0
E64N,0.035377797,1.0
E64M,0.040114295,1.0
E64L,0.0036257617,1.0
E64K,-0.4586264,0.0
E64I,-0.13050853,1.0
E64H,0.02956684,1.0
E64F,-0.029885953,1.0
E64D,-0.108781986,1.0
E64C,0.006551992,1.0
E64A,0.018089779,1.0
E64R,-0.2927283,0.0
E64G,-0.0038266531,1.0
S65M,-1.8873016e-05,1.0
S65C,-0.0016280244,1.0
S65G,0.03506814,1.0
S65H,0.029670767,1.0
S65I,-0.08452189,1.0
S65K,-0.19113445,1.0
S65L,-0.16934918,1.0
S65D,-0.08639989,1.0
S65N,0.044642188,1.0
S65P,-0.6226357,0.0
S65Q,0.024025016,1.0
S65R,-0.05254344,1.0
S65F,-0.019050885,1.0
S65T,0.022572814,1.0
S65W,-0.19407609,1.0
S65Y,-0.03774441,1.0
S65A,0.029728428,1.0
S65V,-0.04065969,1.0
S65E,-0.23905501,0.0
T66N,0.009761943,1.0
T66I,-0.34369394,0.0
T66A,-0.26630533,0.0
T66C,-0.025726266,1.0
T66D,-0.05067213,1.0
T66E,-0.3160797,0.0
T66F,-0.513168,0.0
T66M,-0.15324824,1.0
T66Y,-0.40149328,0.0
T66L,-0.12266424,1.0
T66P,-0.38010252,0.0
T66Q,-0.17333147,1.0
T66R,-0.3619464,0.0
T66S,0.025207683,1.0
T66G,-0.10442222,1.0
T66V,-0.17942747,1.0
T66H,-0.11666106,1.0
T66W,-0.49782082,0.0
L67I,0.019406937,1.0
L67A,-0.35369754,0.0
L67C,0.005816313,1.0
L67D,-0.6106606,0.0
L67E,-0.42031628,0.0
L67Y,-0.52157676,0.0
L67V,0.026502825,1.0
L67H,-0.62867564,0.0
L67T,-0.15857239,1.0
L67R,-0.66227096,0.0
L67Q,-0.7497604,0.0
L67P,-0.39927077,0.0
L67F,-0.021955473,1.0
L67G,-0.4604862,0.0
L67M,0.019198846,1.0
L67K,-0.73015267,0.0
L67S,-0.704872,0.0
L67N,-0.5370821,0.0
H68V,-0.30442458,0.0
H68A,-0.20897599,0.0
H68W,-0.7032568,0.0
H68C,-0.23814295,0.0
H68D,-0.9505115,0.0
H68E,-0.7060595,0.0
H68F,-0.2608709,0.0
H68G,-0.648487,0.0
H68I,-0.6145885,0.0
H68Y,-0.4708971,0.0
H68M,-0.52170765,0.0
H68N,-0.171697,1.0
H68P,-0.90417314,0.0
H68Q,-0.24270551,0.0
H68S,-0.24036801,0.0
H68T,-0.49929735,0.0
H68L,-1.2016015,0.0
L69W,-0.5090727,0.0
L69V,-0.089364044,1.0
L69T,-0.7378327,0.0
L69A,-0.49062645,0.0
L69C,-0.14960101,1.0
L69D,-0.95472455,0.0
L69H,-0.47304404,0.0
L69F,-0.06688762,1.0
L69G,-0.8653279,0.0
L69I,-0.065835744,1.0
L69K,-1.1512994,0.0
L69M,-0.007281597,1.0
L69Y,-0.46784252,0.0
L69E,-1.0064834,0.0
L69N,-0.61258215,0.0
L69Q,-0.89902866,0.0
L69S,-0.76024884,0.0
L69R,-0.9111181,0.0
V70T,-0.47873607,0.0
V70S,-0.989753,0.0
V70R,-0.8996823,0.0
V70Q,-0.9648959,0.0
V70P,-1.0334226,0.0
V70N,-0.97090185,0.0
V70M,-0.7614855,0.0
V70L,-0.2536686,0.0
V70K,-1.0151926,0.0
V70I,-0.07701656,1.0
V70G,-0.93249667,0.0
V70E,-0.9724734,0.0
V70D,-0.9195286,0.0
V70C,-0.09168835,1.0
V70A,-0.62819517,0.0
L71Y,-0.9744487,0.0
L71C,-1.0122893,0.0
L71F,-0.41993096,0.0
L71H,-0.81435734,0.0
L71I,-0.795514,0.0
L71K,-1.0156847,0.0
L71M,-0.06001958,1.0
L71P,-0.96513754,0.0
L71R,-0.8594094,0.0
L71Q,-0.8826914,0.0
R72A,-0.45509097,0.0
R72I,-0.9834395,0.0
R72G,-0.46515995,0.0
R72K,-0.44579986,0.0
R72Y,-1.0203301,0.0
R72H,-0.49388847,0.0
R72W,-1.0115063,0.0
R72V,-0.91383094,0.0
R72T,-0.41304106,0.0
R72F,-0.8119013,0.0
R72S,-0.32406616,0.0
R72P,-0.971024,0.0
R72N,-0.55167365,0.0
R72M,-0.6498171,0.0
R72L,-0.9221171,0.0
R72E,-0.9497271,0.0
R72D,-0.8204701,0.0
R72C,-0.5488123,0.0
R72Q,-0.4539393,0.0
L73V,-0.50545394,0.0
L73C,-0.58369595,0.0
L73M,-0.6718843,0.0
L73I,-0.4046381,0.0
L73F,-0.8140995,0.0
L73A,-0.94071627,0.0
L73T,-1.0740851,0.0
R74T,-0.9326817,0.0
R74A,-0.88464975,0.0
R74E,-0.90944403,0.0
R74K,-0.14759006,1.0
R74S,-0.8217451,0.0
G75D,-0.78428537,0.0
G75E,-0.98745185,0.0
G75F,-0.8492642,0.0
G75H,-0.87835896,0.0
G75K,-0.8973094,0.0
G75L,-0.9515417,0.0
G75M,-0.9489464,0.0
G75N,-0.8209082,0.0
G75P,-0.93945825,0.0
G75Q,-0.83956134,0.0
G75R,-0.89117044,0.0
G75V,-1.0014429,0.0
G75Y,-0.87602633,0.0
G75A,-0.96329737,0.0
G75I,-0.9821516,0.0
G76P,-0.88509744,0.0
G76T,-0.91463196,0.0
G76S,-0.6821858,0.0
G76C,-0.8488277,0.0
G76E,-0.926494,0.0
G76H,-1.0826167,0.0
G76R,-0.97585917,0.0
G76D,-0.82283884,0.0
