# Tamaño de inserto (|TLEN|) de los pares propios de SRR2584863 (30 000 pares, BWA-MEM contra REL606 NC_012967.1; Lección 7.2).
# Generado con pysam a partir de data/SRR2584863_30k_REL606_bwa.bam; bins de 10 pb [inicio, inicio+10).
bin_start	n_pairs
0	0
10	0
20	10
30	149
40	278
50	320
60	289
70	345
80	349
90	316
100	316
110	348
120	350
130	334
140	326
150	360
160	340
170	302
180	305
190	285
200	267
210	277
220	282
230	270
240	259
250	279
260	249
270	259
280	240
290	234
300	292
310	258
320	247
330	254
340	253
350	246
360	237
370	226
380	250
390	238
400	237
410	248
420	236
430	218
440	272
450	231
460	268
470	271
480	280
490	284
500	265
510	277
520	298
530	306
540	333
550	308
560	341
570	353
580	345
590	365
600	322
610	361
620	358
630	367
640	369
650	375
660	377
670	366
680	397
690	396
700	388
710	393
720	377
730	380
740	340
750	351
760	338
770	342
780	375
790	321
800	334
810	297
820	311
830	298
840	259
850	290
860	234
870	242
880	237
890	207
900	205
910	193
920	183
930	175
940	157
950	161
960	130
970	140
980	134
990	118
1000	96
1010	107
1020	114
1030	87
1040	91
1050	52
1060	71
1070	64
1080	58
1090	52
1100	62
1110	43
1120	38
1130	37
1140	19
1150	26
1160	41
1170	25
1180	25
1190	23
1200	15
1210	12
1220	27
1230	19
1240	12
1250	13
1260	11
1270	7
1280	9
1290	7
1300	7
1310	1
1320	3
1330	2
1340	8
1350	4
1360	4
1370	1
1380	0
1390	1
1400	2
1410	1
1420	2
1430	2
1440	1
1450	2
1460	1
1470	2
1480	0
1490	0
1500	0
1510	0
1520	0
1530	0
1540	0
1550	0
1560	0
1570	0
1580	0
1590	0
1600	1
1610	0
1620	0
1630	0
1640	0
1650	0
1660	0
1670	0
1680	0
1690	0
1700	0
1710	0
1720	0
1730	0
1740	0
1750	0
1760	0
1770	0
1780	0
1790	0
1800	0
1810	0
1820	0
1830	0
1840	0
1850	0
1860	0
1870	0
1880	0
1890	0
1900	0
1910	0
1920	0
1930	0
1940	0
1950	0
1960	0
1970	0
1980	0
1990	0
2000	0
2010	0
2020	0
2030	0
2040	0
2050	0
2060	0
2070	0
2080	0
2090	0
2100	0
2110	0
2120	0
2130	0
2140	0
2150	0
2160	0
2170	1
