# Ensambles simulados A (lecturas cortas) y B (lecturas largas) del libro (cap. 8, figuras/cap08/generar.py, semilla 8), G = 5 Mb
assembly	length
A	126106
A	99837
A	97398
A	94981
A	94021
A	92900
A	87384
A	79679
A	78809
A	73185
A	71133
A	64224
A	62103
A	61534
A	60372
A	57399
A	51680
A	51479
A	50823
A	50732
A	50438
A	49939
A	49624
A	49615
A	49434
A	49256
A	49194
A	49135
A	49052
A	48608
A	48217
A	47645
A	44727
A	43868
A	43531
A	42316
A	42219
A	41159
A	40134
A	38945
A	38779
A	38441
A	38038
A	36576
A	35003
A	34621
A	33710
A	33669
A	33575
A	33525
A	33325
A	31712
A	31439
A	31235
A	31072
A	30661
A	30557
A	30491
A	30108
A	29986
A	29879
A	28843
A	28595
A	28523
A	27516
A	27224
A	26220
A	26090
A	26056
A	25894
A	25866
A	25353
A	24864
A	24724
A	24232
A	24120
A	23375
A	23222
A	22898
A	22862
A	22535
A	21857
A	21592
A	21483
A	21469
A	20492
A	19931
A	19590
A	19496
A	18897
A	18603
A	17974
A	17709
A	17603
A	17556
A	17262
A	17150
A	16981
A	15863
A	15755
A	15740
A	15564
A	15436
A	15423
A	15320
A	15317
A	15311
A	15263
A	15073
A	14977
A	14852
A	14812
A	14633
A	14469
A	14428
A	14099
A	13916
A	13913
A	13546
A	13375
A	13040
A	12701
A	12468
A	11871
A	11657
A	11576
A	11424
A	11107
A	10923
A	10779
A	10606
A	10578
A	10576
A	10434
A	10322
A	10246
A	10206
A	10174
A	10060
A	10012
A	9974
A	9603
A	9587
A	9497
A	9342
A	9285
A	9006
A	8891
A	8871
A	8738
A	8288
A	8180
A	8121
A	8018
A	7907
A	7891
A	7791
A	7294
A	6998
A	6716
A	6662
A	6071
A	6036
A	6013
A	5787
A	5557
A	5316
A	5306
A	5173
A	4829
A	4815
A	4628
A	4490
A	4328
A	4284
A	4248
A	4189
A	4144
A	4105
A	4104
A	4069
A	4037
A	3684
A	3649
A	3193
A	2987
A	2984
A	2867
A	2594
A	2580
A	2513
A	2433
A	2309
A	2175
A	2054
A	1608
A	1516
A	1469
A	1446
A	1391
A	1388
A	1326
A	1320
A	1286
A	1079
A	1021
A	983
A	893
A	893
A	888
A	864
A	753
A	741
A	687
A	677
B	1407841
B	827972
B	728243
B	702211
B	546423
B	230872
B	181599
B	163011
B	157418
B	44405
