run	cell	treatment	geo	spots	bases
SRR1039508	N61311	Untreated	GSM1275862	22935521	2889875646
SRR1039509	N61311	Dexamethasone	GSM1275863	21155707	2665619082
SRR1039510	N61311	Albuterol	GSM1275864	22852619	2879429994
SRR1039511	N61311	Albuterol_Dexamethasone	GSM1275865	21938637	2764268262
SRR1039512	N052611	Untreated	GSM1275866	28136282	3545171532
SRR1039513	N052611	Dexamethasone	GSM1275867	43356464	3791311776
SRR1039514	N052611	Albuterol	GSM1275868	40021727	5042737602
SRR1039515	N052611	Albuterol_Dexamethasone	GSM1275869	29454748	3375651006
SRR1039516	N080611	Untreated	GSM1275870	30043024	3612545622
SRR1039517	N080611	Dexamethasone	GSM1275871	34298260	4321580760
SRR1039518	N080611	Albuterol	GSM1275872	30441200	3835591200
SRR1039519	N080611	Albuterol_Dexamethasone	GSM1275873	31533740	3380181525
SRR1039520	N061011	Untreated	GSM1275874	34575286	3518623962
SRR1039521	N061011	Dexamethasone	GSM1275875	41152075	4072315905
SRR1039522	N061011	Albuterol	GSM1275876	28406812	3562039593
SRR1039523	N061011	Albuterol_Dexamethasone	GSM1275877	31099538	3918541788
