date,cost_per_mb_usd,cost_per_genome_usd
2001-09-30,5292.39,9.52631e+07
2002-03-31,3898.64,7.01754e+07
2002-09-30,3413.8,6.14484e+07
2003-03-31,2986.2,5.37517e+07
2003-10-31,2230.98,4.01576e+07
2004-01-31,1598.91,2.87804e+07
2004-04-30,1135.7,2.04426e+07
2004-07-31,1107.46,1.99343e+07
2004-10-31,1028.85,1.85193e+07
2005-01-31,974.165,1.7535e+07
2005-04-30,897.761,1.61597e+07
2005-07-31,898.901,1.61802e+07
2005-10-31,766.729,1.38011e+07
2006-01-31,699.203,1.25857e+07
2006-04-30,651.807,1.17325e+07
2006-07-31,636.406,1.14553e+07
2006-10-31,581.92,1.04746e+07
2007-01-31,522.708,9.40874e+06
2007-04-30,502.611,9.047e+06
2007-07-31,495.963,8.92734e+06
2007-10-31,397.087,7.14757e+06
2008-01-31,102.127,3.06382e+06
2008-04-30,15.0331,1.35298e+06
2008-07-31,8.35644,752080
2008-10-31,3.80558,342502
2009-01-31,2.58595,232735
2009-04-30,1.71904,154714
2009-07-31,1.20072,108065
2009-10-31,0.781481,70333.3
2010-01-31,0.519714,46774.3
2010-04-30,0.350134,31512
2010-07-31,0.345833,31125
2010-10-31,0.323241,29091.7
2011-01-31,0.23292,20962.8
2011-04-30,0.185689,16712
2011-07-31,0.116633,10496.9
2011-10-30,0.0860382,7743.44
2012-01-31,0.0851802,7666.22
2012-04-30,0.0655699,5901.29
2012-07-31,0.0664969,5984.72
2012-10-31,0.0735372,6618.35
2013-01-31,0.063015,5671.35
2013-04-30,0.0636412,5550.26
2013-07-31,0.0616696,5550.26
2013-10-31,0.0566231,5096.08
2014-01-31,0.0445345,4008.11
2014-04-30,0.0546722,4920.5
2014-07-31,0.0544983,4904.85
2014-10-31,0.0636766,5730.89
2015-01-31,0.0441093,3969.84
2015-04-30,0.0467865,4210.79
2015-07-31,0.0151471,1363.24
2015-10-31,0.0138368,1245.31
2016-05-31,0.0130638,1175.74
2016-08-31,0.016753,1507.77
2016-11-30,0.0150643,1355.79
2017-02-28,0.011282,1015.38
2017-05-31,0.0148156,1333.4
2017-08-31,0.0125995,1133.96
2017-11-30,0.0204897,1844.08
2018-02-28,0.0136919,1232.28
2018-05-31,0.016257,1463.13
2018-08-31,0.0163031,1467.28
2018-11-30,0.0154631,1391.68
2019-02-28,0.0110348,993.136
2019-05-01,0.00673685,606.317
2019-08-01,0.0104683,942.147
2019-11-30,0.00772638,695.374
2020-02-28,0.0071624,644.616
2020-05-31,0.00779513,701.562
2020-08-31,0.00765073,688.566
2020-11-30,0.00568854,511.969
2021-02-28,0.00945379,850.841
2021-05-31,0.00504496,454.046
2021-08-31,0.00624639,562.175
2021-11-30,0.00613552,552.197
2022-02-28,0.00582916,524.625
2022-05-31,0.00582916,524.625
