Assembly	contigs	scaffolds
# contigs (>= 0 bp)	69	67
# contigs (>= 1000 bp)	10	9
# contigs (>= 5000 bp)	6	6
# contigs (>= 10000 bp)	4	4
# contigs (>= 25000 bp)	4	4
# contigs (>= 50000 bp)	2	2
Total length (>= 0 bp)	253623	254063
Total length (>= 1000 bp)	242299	242399
Total length (>= 5000 bp)	237180	237180
Total length (>= 10000 bp)	221277	221277
Total length (>= 25000 bp)	221277	221277
Total length (>= 50000 bp)	148679	148679
# contigs	12	12
Largest contig	91493	91493
Total length	243919	244641
Reference length	250000	250000
GC (%)	51.61	51.60
Reference GC (%)	51.76	51.76
N50	57186	57186
NG50	57186	57186
N90	36077	36077
NG90	8271	8271
auN	59081.7	58921.7
auNG	57644.6	57658.6
L50	2	2
LG50	2	2
L90	4	4
LG90	5	5
# misassemblies	0	0
# misassembled contigs	0	0
Misassembled contigs length	0	0
# local misassemblies	0	0
# scaffold gap ext. mis.	0	0
# scaffold gap loc. mis.	0	1
# unaligned mis. contigs	0	0
# unaligned contigs	1 + 3 part	1 + 3 part
Unaligned length	4017	4017
Genome fraction (%)	95.726	95.788
Duplication ratio	1.001	1.001
# N's per 100 kbp	0.00	179.86
# mismatches per 100 kbp	0.83	0.83
# indels per 100 kbp	0.00	0.00
Largest alignment	91263	91263
Total aligned length	239521	239598
NA50	56277	56277
NGA50	56277	56277
NA90	36002	7556
NGA90	7556	7556
auNA	58383.5	58222.0
auNGA	56963.4	56974.0
LA50	2	2
LGA50	2	2
LA90	4	5
LGA90	5	5
